"","fixed.acidity","volatile.acidity","citric.acid","residual.sugar","chlorides","free.sulfur.dioxide","total.sulfur.dioxide","density","pH","sulphates","alcohol","quality"
"561",12.7,0.6,0.49,2.8,0.075,5,NA,0.9994,3.14,0.57,11.4,5
"321",9.8,0.66,0.39,3.2,0.083,21,59,0.9989,3.37,0.71,11.5,7
"1177",6.5,0.88,0.03,NA,0.079,23,47,0.99572,NA,0.5,11.2,4
"1098",8.6,0.52,0.38,1.5,0.096,5,18,NA,3.2,0.52,9.4,5
"1252",7.5,0.58,0.14,2.2,0.077,27,60,0.9963,3.28,0.59,9.8,5
"1170",7.6,0.5,0.29,2.3,NA,5,NA,0.99502,3.32,NA,11.5,6
"634",10.1,0.935,0.22,3.4,0.105,11,86,1.001,3.43,0.64,11.3,4
"49",6.4,0.4,NA,1.6,0.066,5,12,0.9958,3.34,NA,9.2,5
"1152",6.1,0.58,0.23,2.5,0.044,16,70,0.99352,3.46,NA,12.5,6
"1327",6.7,0.46,0.24,1.7,0.077,18,34,0.9948,3.39,0.6,10.6,6
"24",NA,0.49,0.11,2.3,0.084,9,NA,0.9968,3.17,0.53,9.4,5
"356",6.7,0.75,0.01,2.4,0.078,17,NA,NA,3.55,0.61,12.8,6
"165",7.3,0.59,0.26,7.2,0.07,NA,121,0.9981,3.37,NA,9.4,5
"622",NA,0.56,0.23,NA,0.078,NA,104,0.9976,3.28,0.62,9.4,5
"1556",7,0.56,0.17,1.7,0.065,15,24,0.99514,3.44,0.68,10.55,7
"410",12.5,0.46,0.49,NA,0.07,26,49,0.9981,3.05,0.57,9.6,4
"899",8.3,0.31,0.39,2.4,0.078,17,NA,0.99444,3.31,0.77,12.5,7
"1321",9.7,0.66,0.34,2.6,0.094,12,NA,0.99796,3.26,0.66,10.1,5
"601",8.2,0.915,0.27,2.1,0.088,7,NA,0.9962,3.26,0.47,10,4
"1307",9.7,0.69,0.32,2.5,0.088,22,91,0.9979,3.29,0.62,10.1,5
"932",7.4,0.61,0.01,2,0.074,13,38,0.99748,3.48,0.65,9.8,5
"997",5.6,NA,0,2.2,0.087,3,11,0.99378,3.71,0.63,12.8,7
"621",8.3,0.54,0.24,3.4,0.076,16,112,0.9976,3.27,0.61,9.4,5
"1541",6.2,0.52,0.08,4.4,0.071,11,32,0.99646,3.56,0.63,11.6,6
"1236",NA,0.33,0.32,12.9,0.054,6,113,0.99572,3.3,0.56,11.5,4
"860",6.8,0.56,0.22,1.8,NA,15,24,0.99438,3.4,0.82,11.2,6
"259",7.7,NA,0.76,1.8,0.611,8,45,NA,3.06,1.26,9.4,5
"1338",6,0.5,0,1.4,0.057,15,26,0.99448,3.36,0.45,9.5,5
"481",10.6,0.28,0.39,15.5,0.069,6,23,1.0026,3.12,0.66,9.2,5
"1322",5,0.74,0,1.2,0.041,16,46,0.99258,4.01,0.59,12.5,6
"1589",7.2,0.66,0.33,2.5,0.068,34,102,NA,3.27,0.78,12.8,6
"1182",9.8,0.39,0.43,1.65,0.068,5,NA,0.99478,3.19,0.46,11.4,5
"299",NA,0.65,0.02,2.3,0.094,5,NA,0.9993,3.67,0.8,9.7,5
"406",8.7,0.31,0.46,1.4,0.059,11,25,0.9966,3.36,0.76,10.1,6
"314",8.6,0.47,0.3,3,0.076,30,135,0.9976,3.3,0.53,9.4,5
"1316",7.5,0.63,0.27,2,0.083,NA,91,NA,3.26,NA,9.8,6
"836",7.6,0.665,0.1,1.5,0.066,NA,55,0.99655,3.39,0.51,9.3,5
"982",9.5,0.86,0.26,NA,0.079,13,28,0.99712,3.25,0.62,10,5
"146",NA,0.67,0.55,1.8,0.117,32,141,0.9968,NA,0.62,9.4,5
"1372",7.5,0.58,0.56,3.1,0.153,5,14,0.99476,3.21,1.03,11.6,6
"197",7.3,0.58,0.3,2.4,0.074,15,NA,0.9968,3.46,0.59,10.2,5
"1540",7.2,0.39,0.32,1.8,0.065,NA,60,0.99714,3.46,0.78,9.9,5
"226",7.7,NA,0.25,2.6,0.073,29,NA,0.99615,3.37,0.58,10.5,6
"504",10.5,0.26,0.47,1.9,0.078,6,24,0.9976,3.18,1.04,10.9,7
"1379",7.2,0.45,0.15,2,0.078,10,28,0.99609,3.29,0.51,9.9,6
"984",9.1,0.5,0.3,1.9,0.065,8,17,0.99774,3.32,0.71,10.5,6
"727",8.1,0.72,0.09,2.8,0.084,18,49,0.9994,3.43,NA,11.1,6
"945",8.3,0.3,0.49,3.8,0.09,11,24,0.99498,3.27,0.64,12.1,7
"1269",6.9,0.41,0.31,2,0.079,21,51,0.99668,3.47,0.55,9.5,6
"922",8.4,0.36,0.32,2.2,0.081,32,79,0.9964,3.3,0.72,11,6
"626",6.8,0.69,0,5.6,NA,21,58,0.9997,3.46,0.72,10.2,5
"262",7,0.975,0.04,2,0.087,NA,67,0.99565,3.35,0.6,9.4,4
"390",9.6,0.38,NA,2.5,0.096,16,49,0.9982,3.19,0.7,10,7
"130",6.1,0.38,0.15,1.8,0.072,NA,19,0.9955,3.42,0.57,9.4,5
"1396",8.6,0.685,0.1,1.6,0.092,3,12,0.99745,3.31,0.65,9.55,6
"1027",NA,0.31,0.32,1.9,0.066,14,36,NA,3.41,0.56,12.6,6
"374",7.4,0.55,0.22,2.2,0.106,NA,72,0.9959,3.05,0.63,9.2,5
"1429",7.8,0.64,0,1.9,0.072,27,55,NA,3.31,NA,11,5
"770",7.9,0.72,0.01,1.9,0.076,7,32,0.99668,3.39,NA,9.6,5
"1015",8,0.58,0.16,NA,0.12,3,7,0.99454,3.22,0.58,11.2,6
"698",NA,0.65,NA,2.1,0.066,8,25,0.9972,NA,0.67,9.5,6
"650",6.7,0.42,0.27,8.6,0.068,24,148,0.9948,3.16,0.57,11.3,6
"40",7.3,0.45,0.36,5.9,0.074,NA,NA,0.9978,3.33,NA,10.5,5
"517",12.5,0.6,0.49,4.3,0.1,5,14,1.001,3.25,0.74,11.9,6
"33",8.3,NA,0.12,2.3,0.083,15,113,0.9966,3.17,NA,9.8,5
"1552",7.1,0.67,0,2.3,0.083,18,27,0.99768,3.44,0.54,9.4,5
"103",8.1,NA,NA,1.9,0.08,13,35,0.9972,3.3,0.59,9,6
"1595",6.2,0.6,0.08,2,0.09,32,44,0.9949,3.45,0.58,10.5,5
"109",8,NA,0.53,2.5,0.091,18,NA,0.9976,3.37,0.8,9.6,6
"1002",NA,0.35,0.38,1.5,0.058,31,47,0.99676,3.26,0.82,10.6,7
"1353",7.6,0.645,0.03,1.9,0.086,14,57,0.9969,3.37,0.46,10.3,5
"76",8.8,0.41,0.64,NA,0.093,9,42,0.9986,3.54,0.66,10.5,5
"980",12.2,0.45,0.49,NA,0.075,3,6,0.9969,3.13,0.63,10.4,5
"1515",NA,NA,0.21,NA,0.074,16,65,0.99842,3.53,0.72,9.23333333333333,6
"733",7.3,0.835,0.03,2.1,0.092,10,19,0.9966,3.39,0.47,9.6,5
"16",8.9,0.62,0.19,3.9,0.17,51,148,NA,3.17,0.93,9.2,5
"1381",7.5,0.57,NA,2.6,0.077,NA,35,0.99557,3.36,0.62,10.8,6
"1272",7.3,NA,0.2,1.6,0.049,24,64,0.9935,3.38,0.57,11.7,6
"1006",NA,0.36,0.32,1.8,0.067,4,NA,0.9928,3.36,0.55,12.8,7
"1349",NA,0.655,0.03,1.8,0.078,7,12,0.99587,3.34,0.39,9.5,5
"988",7.1,0.36,0.3,1.6,0.08,35,70,0.99693,3.44,0.5,9.4,5
"82",NA,0.43,0.7,1.9,0.464,22,67,0.9974,3.13,1.28,9.4,5
"914",9.4,0.395,0.46,4.6,0.094,3,10,NA,3.27,0.64,12.2,7
"325",10,0.49,0.2,NA,0.071,13,50,1.0015,3.16,0.69,9.2,6
"1384",8,0.6,0.22,2.1,0.08,25,105,0.99613,3.3,0.49,9.9,5
"951",8.9,0.12,0.45,1.8,0.075,10,21,0.99552,3.41,0.76,11.9,7
"296",10.8,0.5,0.46,2.5,NA,5,27,1.0001,3.05,0.64,9.5,5
"149",NA,0.49,0.1,2.3,0.074,NA,30,0.9959,3.42,0.58,10.2,6
"996",7.7,0.6,0.06,2,0.079,19,41,0.99697,3.39,0.62,10.1,6
"100",NA,0.545,0.18,1.9,0.08,13,35,0.9972,3.3,0.59,9,6
"999",8.9,NA,0.34,NA,NA,NA,10,0.99554,3.12,0.48,9.1,6
"298",7.1,0.63,0.06,2,0.083,8,NA,0.99855,3.67,NA,9.6,NA
"402",7.7,0.26,0.3,1.7,0.059,20,38,0.9949,3.29,0.47,10.8,6
"91",7.9,NA,0.26,1.9,0.079,42,140,0.9964,3.23,0.54,9.5,5
"781",7,0.57,0,NA,0.19,12,45,0.99676,3.31,0.6,9.4,6
"1205",7.2,0.36,0.46,2.1,0.074,24,44,0.99534,3.4,0.85,11,7
"1078",8.6,0.37,0.65,6.4,0.08,3,8,0.99817,3.27,0.58,11,5
"851",9.3,NA,0.44,1.9,0.085,9,22,0.99708,3.28,0.55,9.5,5
"288",NA,0.4,0.12,3,0.092,29,53,0.9967,3.37,0.7,10.3,6
"720",7.1,0.66,0,3.9,0.086,17,45,0.9976,3.46,0.54,9.5,5
"60",7.3,0.39,0.31,NA,NA,9,46,0.9962,3.41,0.54,9.4,6
"1309",9.7,0.69,NA,2.5,0.088,NA,91,0.9979,3.29,NA,10.1,5
"849",6.4,0.64,0.21,1.8,0.081,14,31,0.99689,3.59,0.66,9.8,5
"969",9,0.4,0.43,2.4,0.068,29,46,0.9943,3.2,0.6,12.2,6
"377",NA,0.45,0.5,3,0.078,19,47,1.0003,3.26,1.11,11,6
"638",9.5,0.885,0.27,2.3,0.084,31,NA,0.9978,3.24,0.53,9.4,5
"427",6.4,0.67,NA,2.1,0.045,19,48,NA,3.49,0.49,11.4,6
"442",11.9,0.4,NA,2.15,0.068,7,27,0.9988,3.06,0.68,11.3,6
"1136",8,0.25,0.43,1.7,NA,NA,NA,0.9946,3.38,0.6,11.9,6
"584",12,0.28,0.49,1.9,0.074,10,NA,0.9976,2.98,0.66,9.9,7
"1498",NA,0.74,0.03,2.3,0.054,7,16,0.99508,3.45,0.63,11.5,6
"1514",6.4,0.56,0.15,1.8,0.078,17,65,0.99294,3.33,0.6,10.5,6
"1165",9,0.785,0.24,1.7,0.078,10,21,0.99692,3.29,0.67,10,5
"1496",7,0.43,0.02,1.9,0.08,15,28,0.99492,3.35,0.81,10.6,6
"311",10.3,0.53,0.48,2.5,0.063,6,NA,0.9998,3.12,0.59,9.3,6
"912",9.1,0.28,0.46,9,0.114,3,9,0.99901,3.18,0.6,10.9,6
"474",9.9,0.35,0.55,2.1,0.062,5,14,0.9971,3.26,0.79,10.6,5
"811",7.3,0.49,NA,2.6,0.068,4,14,0.99562,3.3,0.47,10.5,5
"42",8.8,0.61,0.3,2.8,NA,17,46,NA,3.26,0.51,9.3,4
"760",8.8,0.42,NA,2.5,0.092,33,88,0.99823,3.19,0.52,9.2,5
"1275",7.8,0.58,0.13,2.1,0.102,17,36,0.9944,3.24,0.53,11.2,6
"1465",6.8,0.59,0.1,1.7,0.063,34,53,0.9958,3.41,0.67,9.7,5
"25",6.9,0.4,0.14,2.4,0.085,21,40,0.9968,3.43,0.63,9.7,6
"703",7,0.64,0.02,2.1,0.067,9,23,0.997,3.47,0.67,9.4,6
"1262",6.3,1.02,0,2,0.083,17,NA,NA,3.59,0.55,11.2,4
"526",10.4,0.64,0.24,NA,0.105,29,53,0.9998,3.24,0.67,9.9,5
"623",10,0.58,0.22,1.9,0.08,9,NA,0.9974,3.13,0.55,9.5,5
"1548",6.3,0.6,0.1,1.6,0.048,12,26,0.99306,3.55,0.51,12.1,5
"943",10.1,0.43,0.4,2.6,0.092,13,52,0.99834,3.22,0.64,10,7
"1567",6.7,0.16,0.64,2.1,0.059,NA,52,NA,3.34,0.71,11.2,6
"1500",NA,0.74,0.03,2.3,0.054,NA,16,0.99508,3.45,NA,11.5,6
"369",10.3,NA,0.52,2.8,0.159,15,75,NA,3.18,0.64,9.4,5
"512",10,0.59,0.31,2.2,0.09,26,62,0.9994,3.18,0.63,10.2,6
"758",8.1,0.87,0,2.2,0.084,10,31,0.99656,3.25,0.5,9.8,5
"1393",7.1,0.62,0.06,1.3,0.07,5,12,0.9942,3.17,0.48,9.8,5
"754",8.3,0.65,0.1,2.9,0.089,17,40,0.99803,3.29,0.55,9.5,NA
"799",9.4,0.5,0.34,3.6,0.082,5,14,0.9987,3.29,0.52,10.7,6
"862",5.8,1.01,0.66,2,0.039,NA,88,0.99357,NA,0.6,11.5,6
"1248",7.4,0.55,0.19,1.8,0.082,15,34,0.99655,3.49,0.68,10.5,5
"774",7.9,0.4,0.29,1.8,0.157,1,44,NA,3.3,NA,9.5,6
"1238",7.1,0.75,0.01,2.2,0.059,NA,18,0.99242,3.39,0.4,12.8,6
"294",6.9,0.36,0.25,2.4,0.098,5,16,0.9964,3.41,0.6,10.1,6
"607",9.4,0.41,0.48,4.6,0.072,10,20,NA,3.34,0.79,12.2,7
"764",9.3,0.655,0.26,2,0.096,5,35,0.99738,3.25,0.42,9.6,5
"783",NA,0.82,0.05,2.4,NA,26,96,0.99814,3.36,0.53,10,5
"546",9.1,0.47,0.49,NA,0.094,38,NA,0.9982,3.08,0.59,9.1,5
"426",NA,0.84,0.03,2.3,0.059,32,NA,0.9952,3.52,0.56,12.3,7
"471",13,0.32,0.65,2.6,0.093,15,47,0.9996,3.05,0.61,10.6,5
"188",7.7,0.705,0.1,2.6,0.084,9,26,0.9976,3.39,0.49,9.7,5
"254",7.7,0.775,0.42,1.9,0.092,8,NA,0.9959,3.23,0.59,9.5,5
"268",7.9,0.35,NA,NA,0.078,15,37,0.9973,3.35,0.86,12.8,8
"640",8.9,0.29,0.35,1.9,0.067,25,57,0.997,3.18,1.36,10.3,6
"1434",NA,0.4,0.16,1.8,0.069,11,25,0.9955,3.42,0.74,10.1,7
"41",7.3,0.45,0.36,5.9,0.074,12,87,0.9978,3.33,0.83,10.5,5
"1217",7.9,0.57,0.31,2,0.079,10,79,0.99677,3.29,0.69,9.5,6
"824",6.7,0.54,0.13,2,0.076,15,36,0.9973,3.61,0.64,9.8,5
"664",10.1,0.28,0.46,1.8,0.05,5,13,0.9974,3.04,0.79,10.2,6
"1122",6.6,0.5,0,1.8,0.062,21,28,0.99352,3.44,0.55,12.3,6
"537",9.9,NA,0.24,2.4,0.077,6,33,0.9974,3.09,0.57,9.4,5
"348",13.8,0.49,0.67,3,0.093,6,15,0.9986,3.02,0.93,12,6
"107",7.8,0.41,0.68,1.7,0.467,18,69,0.9973,3.08,1.31,9.3,5
"317",9.6,0.56,0.23,3.4,0.102,37,92,0.9996,3.3,0.65,10.1,5
"1038",7.3,0.91,0.1,1.8,0.074,20,56,0.99672,3.35,0.56,9.2,5
"162",NA,0.68,0.02,1.3,0.072,9,20,0.9965,3.17,1.08,9.2,4
"636",8.7,0.84,0,1.4,0.065,24,33,NA,3.27,0.55,9.7,5
"706",8.4,1.035,NA,6,0.073,11,54,0.999,3.37,0.49,9.9,5
"906",9.2,0.58,NA,3,0.081,15,115,NA,3.23,0.59,9.5,5
"796",10.8,0.89,0.3,2.6,NA,7,60,0.99786,2.99,1.18,10.2,5
"630",7.6,0.685,0.23,2.3,0.111,20,84,0.9964,3.21,0.61,9.3,5
"1061",11.6,0.23,0.57,NA,0.074,3,8,0.9981,3.14,0.7,9.9,6
"1162",8.8,0.45,0.43,NA,0.076,12,21,0.99551,3.21,0.75,10.2,6
"1478",5.3,0.47,0.11,2.2,0.048,16,89,0.99182,3.54,0.88,13.6,7
"1009",8.9,0.35,0.4,3.6,0.11,12,24,0.99549,3.23,0.7,12,7
"773",9.5,0.57,0.27,2.3,0.082,23,144,0.99782,3.27,0.55,9.4,5
"78",6.8,0.785,0,NA,0.104,14,30,0.9966,NA,0.55,10.7,6
"1474",6.1,0.6,0.08,1.8,0.071,14,NA,0.99336,3.38,0.54,11,5
"1121",7.9,0.54,0.34,2.5,0.076,8,17,0.99235,3.2,0.72,13.1,8
"483",10.6,0.36,0.59,2.2,0.152,6,18,NA,3.04,1.05,9.4,5
"182",8.9,0.61,NA,2,0.27,23,110,0.9972,3.12,1.02,9.3,5
"1151",8.2,NA,0.32,2.8,0.067,4,12,0.99473,3.3,0.76,12.8,7
"992",7.1,0.34,0.28,2,0.082,NA,68,0.99694,3.45,0.48,9.4,5
"337",8.9,0.43,0.45,NA,0.052,6,16,0.9948,3.35,0.7,12.5,6
"539",12.9,0.35,0.49,5.8,0.066,5,35,1.0014,3.2,0.66,12,7
"1204",9.9,0.74,NA,5.8,0.111,33,76,0.99878,3.14,0.55,9.4,5
"868",6.9,0.51,0.23,NA,0.072,13,22,0.99438,3.4,0.84,11.2,6
"212",8,0.725,0.24,2.8,0.083,10,62,0.99685,3.35,0.56,10,6
"201",9.6,0.32,0.47,1.4,0.056,9,24,0.99695,3.22,0.82,10.3,7
"62",7.7,0.69,0.49,1.8,NA,20,112,0.9968,3.21,0.71,9.3,5
"1293",5.9,NA,0.13,2.4,0.056,14,28,0.99362,3.62,0.67,12.4,6
"1406",NA,0.28,0.3,2,0.062,18,34,NA,3.28,NA,11.3,7
"1148",10,0.41,0.45,6.2,0.071,6,14,0.99702,3.21,0.49,11.8,7
"1087",8.5,0.34,0.4,4.7,0.055,NA,9,0.99738,3.38,0.66,11.6,7
"1599",6,0.31,NA,3.6,0.067,18,42,0.99549,3.39,0.66,11,6
"573",10.2,0.24,0.49,2.4,0.075,10,28,0.9978,3.14,0.61,10.4,5
"540",NA,0.5,0.74,5.15,0.1,5,17,0.9996,3.22,0.62,11.2,5
"2",7.8,0.88,0,2.6,0.098,25,67,0.9968,3.2,0.68,9.8,5
"671",6.9,0.4,0.24,2.5,0.083,30,45,0.9959,3.26,0.58,10,5
"1420",7.7,0.64,0.21,2.2,0.077,32,133,NA,3.27,0.45,9.9,5
"1232",7.8,0.815,0.01,2.6,0.074,48,90,NA,3.38,0.62,10.8,5
"771",7.1,0.59,0.02,2.3,0.082,24,94,0.99744,3.55,0.53,9.7,6
"741",8.3,NA,0.29,NA,0.075,12,16,0.9965,3.45,0.68,11.5,6
"269",6.9,0.54,0.04,3,0.077,7,27,0.9987,3.69,0.91,9.4,6
"1036",10.1,0.37,NA,2.4,0.085,5,NA,NA,3.17,NA,10.6,7
"705",9.1,0.765,0.04,1.6,0.078,4,14,0.998,3.29,0.54,9.7,4
"670",11.3,0.34,0.45,2,0.082,6,15,0.9988,NA,0.66,9.2,6
"444",NA,0.44,0.49,2.7,0.077,11,19,0.9963,3.23,0.63,11.6,7
"677",10.8,0.4,0.41,2.2,NA,7,17,0.9984,3.08,0.67,9.3,6
"1222",10.9,NA,0.52,1.8,NA,17,44,0.99734,3.28,0.77,11.5,6
"1484",8.1,0.33,0.44,1.5,0.042,6,12,NA,3.35,0.61,10.7,5
"1034",7.5,0.57,0.08,2.6,0.089,14,27,0.99592,3.3,0.59,10.4,6
"967",9,0.38,0.41,2.4,NA,NA,10,0.99604,3.13,0.58,11.9,7
"1279",8,0.715,0.22,2.3,0.075,13,81,0.99688,3.24,0.54,9.5,6
"1225",12.6,0.39,0.49,NA,0.08,NA,20,0.9992,3.07,0.82,10.3,6
"850",6.4,0.63,0.21,1.6,0.08,12,32,0.99689,3.58,0.66,9.8,5
"181",8.8,0.61,0.14,2.4,0.067,NA,42,0.9969,3.19,0.59,9.5,NA
"751",8.3,0.65,0.1,2.9,0.089,17,NA,0.99803,3.29,0.55,9.5,5
"1308",6.8,0.68,0.09,3.9,0.068,15,29,0.99524,3.41,0.52,11.1,4
"463",11,0.26,0.68,2.55,0.085,10,25,0.997,NA,0.61,11.8,5
"605",8.3,0.58,0.13,2.9,NA,14,63,0.9984,3.17,0.62,9.1,6
"1337",6,0.5,0,1.4,0.057,15,26,0.99448,3.36,0.45,9.5,5
"84",7.3,0.67,0.26,1.8,0.401,16,51,0.9969,3.16,1.14,9.4,5
"985",12.2,0.45,0.49,1.4,0.075,3,6,0.9969,3.13,0.63,10.4,5
"464",8.1,0.66,0.7,NA,0.098,25,NA,0.9972,3.08,0.53,9,5
"1554",NA,0.735,0,2.2,0.08,18,28,0.99765,3.41,0.6,9.4,5
"225",8.4,0.635,0.36,2,0.089,15,55,0.99745,3.31,NA,10.4,4
"1126",8.8,0.24,0.35,1.7,0.055,13,NA,0.99394,3.14,0.59,11.3,7
"171",7.9,0.885,0.03,1.8,0.058,4,8,0.9972,3.36,0.33,9.1,4
"489",11.6,0.32,0.55,2.8,0.081,35,67,1.0002,3.32,0.92,10.8,7
"1550",7.4,0.36,0.3,1.8,0.074,17,24,NA,3.24,0.7,11.4,8
"694",9,NA,0.32,2.8,0.084,21,122,0.9984,3.32,0.62,9.4,5
"1023",7,0.51,0.09,2.1,0.062,4,9,0.99584,3.35,0.54,10.5,5
"1231",7.7,0.18,NA,2.7,0.066,15,58,0.9947,3.37,0.78,11.8,6
"1109",8.1,0.78,0.1,3.3,0.09,4,13,NA,3.36,0.49,9.5,5
"153",7.5,0.6,0.03,1.8,0.095,25,99,0.995,3.35,0.54,10.1,5
"961",8.5,0.47,0.27,1.9,0.058,NA,NA,0.99518,3.16,0.85,11.1,6
"240",8.2,1,NA,2.3,0.065,7,37,0.99685,3.32,0.55,9,6
"1592",5.4,0.74,0.09,1.7,0.089,16,26,NA,3.67,0.56,11.6,6
"1163",8.5,0.32,0.42,2.3,0.075,12,19,0.99434,3.14,0.71,11.8,NA
"156",7.1,0.43,0.42,5.5,0.071,28,128,NA,3.42,0.71,10.5,5
"274",8.4,0.715,0.2,2.4,0.076,10,38,0.99735,3.31,0.64,9.4,5
"1250",7.1,0.6,0.01,2.3,0.079,24,37,NA,3.4,0.61,10.9,6
"762",9.3,0.655,0.26,2,0.096,5,NA,NA,3.25,0.42,9.6,5
"170",7.5,NA,0.24,1.8,0.36,NA,63,0.9964,3,1.59,9.5,5
"292",11,0.2,NA,NA,0.343,6,18,0.9979,3.3,0.71,10.5,5
"148",7.6,0.49,0.26,1.6,0.236,10,88,0.9968,3.11,0.8,9.3,5
"719",8.4,NA,0.04,2,0.082,10,22,0.9976,3.22,0.44,9.6,5
"189",7.9,NA,0.33,2,0.084,15,143,0.9968,3.2,0.55,9.5,5
"1137",NA,0.52,0.45,2,0.08,6,13,0.99774,3.22,0.76,11.4,6
"1051",7.1,0.43,0.17,1.8,NA,NA,51,NA,3.49,0.64,10.4,5
"606",8.3,0.6,0.13,NA,0.085,6,NA,0.9984,3.31,0.59,9.2,6
"645",9.9,0.54,0.45,2.3,0.071,16,40,0.9991,3.39,0.62,9.4,5
"1110",10.8,0.47,0.43,2.1,0.171,27,66,0.9982,3.17,0.76,10.8,6
"250",7.3,0.66,0,2,0.084,6,23,0.9983,3.61,0.96,9.9,6
"169",6.8,0.63,0.07,2.1,0.089,11,44,0.9953,3.47,0.55,10.4,6
"907",7.2,0.54,0.27,2.6,NA,12,78,0.9964,3.39,0.71,11,5
"732",8.9,0.875,0.13,3.45,0.088,4,14,0.9994,3.44,0.52,11.5,5
"550",9,0.53,0.49,1.9,0.171,6,NA,NA,3.27,0.61,9.4,6
"457",8.9,0.59,0.39,2.3,0.095,5,22,0.9986,3.37,0.58,10.3,5
"919",8.4,0.36,0.32,2.2,0.081,32,79,0.9964,3.3,0.72,11,6
"115",7.8,0.56,0.19,1.8,0.104,12,47,0.9964,3.19,0.93,9.5,5
"1344",7.5,NA,0.02,1.7,0.084,13,31,0.99538,3.36,0.54,10.5,6
"1237",7.8,0.55,NA,1.7,0.07,7,17,0.99659,3.26,0.64,9.4,6
"1564",7.2,0.695,0.13,NA,0.076,12,20,0.99546,3.29,NA,10.1,5
"1459",8.4,0.29,0.4,1.7,0.067,8,20,0.99603,3.39,0.6,10.5,5
"1378",5.2,NA,0.26,2.3,0.09,23,74,0.9953,3.71,0.62,12.2,6
"438",11.1,0.45,0.73,3.2,0.066,6,22,0.9986,3.17,NA,11.2,6
"625",6.8,0.69,0,5.6,0.124,21,58,0.9997,3.46,0.72,10.2,5
"542",9.5,0.46,0.49,6.3,0.064,5,17,0.9988,3.21,0.73,11,6
"699",9.4,NA,0.28,3.2,0.087,18,72,1.0001,3.31,0.53,9.7,5
"917",5.3,0.715,0.19,1.5,0.161,7,62,0.99395,3.62,0.61,11,5
"966",8.3,0.34,0.4,2.4,0.065,24,48,0.99554,3.34,0.86,11,6
"1129",10,NA,0.33,2.7,0.095,28,NA,NA,3.22,0.68,10,5
"1226",9.2,0.46,0.23,2.6,0.091,18,77,0.99922,NA,0.51,9.4,5
"88",7.7,0.49,0.26,1.9,0.062,9,31,0.9966,3.39,0.64,9.6,5
"391",5.6,0.85,0.05,1.4,0.045,12,88,0.9924,3.56,0.82,12.9,8
"398",11.5,0.59,0.59,2.6,0.087,13,49,0.9988,3.18,0.65,11,6
"1449",6.9,0.58,0.01,1.9,0.08,40,54,NA,3.4,0.73,9.7,5
"819",7.1,0.715,0,2.35,0.071,21,47,0.99632,3.29,0.45,9.4,5
"1145",7.3,0.32,0.23,2.3,0.066,35,70,0.99588,3.43,0.62,10.1,5
"37",7.8,0.6,0.14,2.4,0.086,3,15,0.9975,3.42,0.6,10.8,6
"1447",6.9,0.63,0.02,NA,0.078,18,30,0.99712,3.4,0.75,9.8,5
"163",7.8,0.53,0.04,1.7,0.076,17,NA,0.9964,3.33,0.56,10,6
"46",4.6,0.52,0.15,2.1,0.054,8,65,0.9934,3.9,0.56,13.1,4
"1311",7.5,0.61,0.26,1.9,0.073,24,NA,0.99612,NA,0.53,9.8,5
"859",NA,0.28,0.47,1.7,0.054,17,32,0.99686,3.15,NA,10.6,7
"1415",10,0.32,0.59,2.2,0.077,3,15,0.9994,3.2,0.78,9.6,5
"376",11.5,0.54,0.71,4.4,0.124,6,15,0.9984,3.01,0.83,11.8,7
"821",7,0.685,0,1.9,0.099,9,22,0.99606,3.34,0.6,9.7,5
"280",8.9,NA,0.32,5.6,NA,10,47,0.9991,3.38,0.77,10.5,7
"934",7.4,0.61,0.01,2,0.074,13,38,0.99748,3.48,0.65,9.8,5
"756",NA,0.91,0.07,1.9,0.058,22,47,0.99525,3.51,0.43,10.7,6
"981",NA,0.5,NA,1.9,0.065,8,17,0.99774,3.32,0.71,10.5,6
"715",NA,0.74,0.28,2.6,0.078,21,77,0.998,NA,0.51,9.8,5
"1249",6.9,0.41,0.33,2.2,0.081,22,36,0.9949,3.41,0.75,11.1,6
"206",12.8,0.3,NA,2.6,0.095,9,28,NA,3.2,0.77,10.8,7
"1523",6.1,NA,0.25,2.3,0.071,23,58,0.99633,3.42,0.97,10.6,5
"918",6.8,0.41,0.31,8.8,0.084,26,NA,0.99824,3.38,0.64,10.1,6
"684",8.1,0.78,0.23,2.6,0.059,5,NA,0.997,3.37,0.56,11.3,5
"765",9.1,0.68,0.11,2.8,0.093,11,44,0.99888,3.31,0.55,9.5,6
"647",NA,0.67,0.05,3.6,0.107,NA,20,0.9972,3.4,0.63,10.1,5
"159",7.1,0.68,0,2.2,0.073,12,22,0.9969,3.48,0.5,9.3,5
"928",8.4,0.67,0.19,2.2,0.093,NA,NA,0.99736,3.2,NA,9.2,4
"978",NA,0.59,0.29,2.6,NA,31,119,NA,3.15,0.5,9.1,5
"935",6.6,0.61,0.01,1.9,0.08,8,25,0.99746,3.69,0.73,10.5,5
"653",15.9,0.36,0.65,7.5,0.096,22,71,0.9976,2.98,0.84,14.9,5
"1503",7.3,0.585,0.18,NA,0.078,15,60,0.99638,3.31,0.54,9.8,5
"514",10.5,0.51,0.64,2.4,0.107,6,15,0.9973,3.09,0.66,11.8,7
"1405",8,0.5,0.39,2.6,0.082,12,46,0.9985,3.43,0.62,10.7,6
"387",7.8,0.54,NA,2,0.088,23,48,0.9981,3.41,0.74,9.2,6
"929",8.6,0.47,0.27,2.3,0.055,14,28,0.99516,3.18,NA,11.2,5
"989",7.7,0.39,0.12,1.7,0.097,19,27,0.99596,3.16,0.49,9.4,5
"1575",5.6,0.31,0.78,13.9,0.074,NA,92,0.99677,3.39,0.48,10.5,6
"747",8.2,0.34,0.38,2.5,0.08,12,57,0.9978,3.3,0.47,9,6
"1542",NA,NA,0.29,2.2,0.054,19,49,0.99666,3.4,NA,10.9,7
"627",8.8,0.6,0.29,2.2,0.098,5,15,0.9988,3.36,0.49,9.1,5
"620",11.3,0.37,0.41,2.3,0.088,6,16,0.9988,3.09,0.8,9.3,5
"202",8.8,0.37,0.48,NA,0.097,39,145,0.9975,3.04,1.03,9.3,5
"73",7.7,0.69,0.22,1.9,0.084,18,94,0.9961,NA,0.48,9.5,5
"335",7.9,0.65,0.01,2.5,0.078,17,38,0.9963,3.34,0.74,11.7,7
"1070",8,0.62,0.35,2.8,NA,28,52,0.997,3.31,0.62,10.8,5
"1271",5,0.38,0.01,1.6,0.048,26,60,0.99084,3.7,0.75,14,6
"131",8,0.745,0.56,2,0.118,30,134,0.9968,3.24,0.66,9.4,5
"1174",7.6,NA,0.31,1.7,0.079,NA,65,NA,3.46,0.62,9.5,6
"1085",NA,0.38,0.3,1.8,0.073,31,70,0.99685,3.42,0.59,9.5,6
"1044",9.5,0.39,0.41,8.9,0.069,18,39,NA,3.29,0.81,10.9,7
"682",8,0.45,0.23,2.2,0.094,16,29,0.9962,3.21,NA,10.2,6
"983",NA,0.52,0.32,NA,0.07,51,70,0.99418,3.34,0.82,12.9,6
"529",8.2,0.42,0.49,2.6,0.084,32,NA,0.9988,3.34,NA,8.7,6
"1518",6.5,0.53,0.06,2,0.063,29,44,0.99489,3.38,0.83,10.3,6
"1235",7.1,0.75,0.01,2.2,0.059,NA,18,0.99242,3.39,0.4,12.8,6
"1198",7.7,0.57,0.21,1.5,0.069,4,NA,0.99458,3.16,0.54,9.8,6
"273",10.9,0.37,0.58,4,0.071,17,65,0.99935,3.22,0.78,10.1,5
"94",7.7,0.49,0.26,1.9,0.062,9,31,0.9966,3.39,0.64,9.6,5
"330",10.7,0.46,0.39,2,0.061,7,NA,0.9981,3.18,0.62,9.5,5
"933",7.6,0.4,0.29,1.9,0.078,29,66,0.9971,3.45,0.59,9.5,6
"179",7,0.805,0,2.5,0.068,7,20,0.9969,3.48,0.56,9.6,5
"1596",5.9,0.55,0.1,2.2,0.062,NA,51,0.99512,3.52,0.76,11.2,6
"304",7.4,0.67,0.12,1.6,0.186,5,21,0.996,3.39,0.54,9.5,5
"930",NA,0.33,0.38,NA,0.063,10,NA,0.99468,3.3,0.73,12,7
"954",10.2,0.34,0.48,2.1,0.052,5,9,0.99458,NA,0.69,12.1,7
"473",12.5,0.37,0.55,2.6,0.083,25,68,0.9995,3.15,0.82,10.4,6
"829",7.8,0.57,0.09,2.3,0.065,34,45,0.99417,3.46,0.74,12.7,8
"1255",7.8,0.7,0.06,1.9,0.079,20,35,0.99628,3.4,0.69,10.9,5
"1140",8.2,0.51,NA,2,0.079,16,86,NA,3.34,0.64,9.5,6
"726",9,0.66,0.17,3,0.077,5,NA,0.9976,3.29,0.55,10.4,5
"1011",8.9,0.28,0.45,1.7,0.067,7,12,0.99354,3.25,0.55,12.3,7
"108",6.2,0.63,0.31,1.7,0.088,15,64,0.9969,3.46,NA,9.3,5
"659",7.2,0.52,0.07,NA,0.074,5,NA,0.9973,3.32,0.81,9.6,6
"1581",7.4,0.35,0.33,NA,0.068,9,26,0.9947,3.36,0.6,11.9,6
"618",11.5,0.31,0.51,2.2,0.079,14,NA,0.9982,3.03,0.93,9.8,6
"1533",7.2,0.53,0.13,2,0.058,18,22,NA,3.21,0.68,9.9,6
"755",7.8,0.48,0.68,1.7,0.415,14,32,0.99656,3.09,1.06,9.1,6
"1208",9.9,0.72,0.55,NA,0.136,NA,52,0.99752,3.35,0.94,10,5
"843",10.6,0.5,0.45,2.6,NA,34,68,0.99708,3.23,0.72,10.9,6
"1559",6.9,0.63,0.33,6.7,0.235,66,115,0.99787,3.22,0.56,9.5,5
"1216",8.8,0.27,NA,2.1,0.095,20,29,0.99488,3.26,0.56,11.3,6
"746",7.3,0.51,0.18,2.1,0.07,12,28,0.99768,3.52,0.73,9.5,6
"1445",7.3,0.67,0.02,2.2,0.072,31,NA,NA,3.32,NA,11.1,6
"1073",7.2,0.35,0.26,1.8,0.083,33,75,0.9968,3.4,0.58,9.5,6
"460",11.6,0.58,0.66,2.2,0.074,NA,47,1.0008,3.25,0.57,9,3
"1046",NA,0.44,0,1.4,0.07,32,38,0.99438,3.32,0.58,11.4,6
"132",NA,0.5,0.09,2.3,0.049,17,99,0.9937,3.63,0.63,13,5
"187",7.4,0.39,0.48,2,0.082,14,67,0.9972,NA,0.55,9.2,5
"53",6.6,0.5,0.04,2.1,0.068,6,14,NA,3.39,0.64,9.4,6
"1310",7,0.62,0.1,1.4,0.071,NA,63,0.996,3.28,0.61,9.2,5
"637",9.6,0.88,0.28,2.4,0.086,30,NA,0.9979,3.24,NA,9.4,5
"1083",7.2,0.38,0.3,1.8,0.073,31,70,NA,3.42,0.59,9.5,6
"837",6.7,0.28,0.28,2.4,0.012,36,100,0.99064,NA,0.39,11.7,7
"1274",7.5,0.58,0.2,2,0.073,34,44,0.99494,3.1,0.43,9.3,5
"702",7,0.65,0.02,2.1,0.066,8,25,0.9972,3.47,0.67,9.5,6
"1186",7,0.43,0.3,2,0.085,6,39,0.99346,3.33,0.46,11.9,6
"87",8.6,0.49,0.28,1.9,0.11,20,136,NA,2.93,1.95,9.9,6
"228",9,0.82,0.14,2.6,0.089,9,23,0.9984,3.39,0.63,9.8,5
"1551",7.1,NA,0,2.3,0.087,17,NA,0.99783,3.45,0.53,9.5,5
"1590",6.6,0.725,0.2,NA,0.073,29,79,0.9977,3.29,0.54,9.2,5
"3",7.8,NA,0.04,2.3,0.092,15,54,0.997,3.26,0.65,9.8,5
"1457",6,0.54,0.06,1.8,0.05,38,89,0.99236,3.3,0.5,10.55,6
"1476",5.3,0.47,0.11,2.2,0.048,16,89,0.99182,3.54,0.88,13.5666666666667,7
"1507",6.8,0.81,0.05,2,0.07,6,14,0.99562,NA,0.66,10.8,6
"138",7.2,0.415,0.36,2,0.081,13,45,0.9972,3.48,0.64,9.2,5
"1571",6.4,0.36,0.53,2.2,0.23,19,35,0.9934,3.37,0.93,12.4,6
"767",8.8,0.59,0.18,NA,0.089,12,74,0.99738,3.14,0.54,9.4,5
"1312",6.5,0.51,0.15,3,0.064,12,27,0.9929,3.33,0.59,12.8,6
"869",6.8,0.56,0.22,1.8,NA,15,24,0.99438,3.4,0.82,11.2,6
"669",10,0.73,NA,2.3,0.059,15,31,0.9966,3.15,0.57,11,5
"708",7.4,0.49,0.19,3,0.077,16,37,0.9966,3.37,0.51,10.5,5
"905",6.8,0.59,0.06,6,0.06,11,18,0.9962,NA,0.59,10.8,7
"1192",NA,0.885,0,2.3,0.166,6,12,0.99551,3.56,0.51,10.8,5
"1111",8.3,0.53,0,1.4,0.07,6,14,0.99593,3.25,0.64,10,6
"496",10.7,0.35,0.53,2.6,NA,5,16,0.9972,3.15,0.65,11,8
"218",NA,0.725,0.22,2.2,0.072,11,41,0.9967,3.36,0.55,9.1,5
"332",NA,0.36,0.64,2.9,0.122,10,NA,0.998,3.23,0.66,12.5,6
"110",8.1,0.785,0.52,2,0.122,37,NA,0.9969,3.21,0.69,9.3,5
"1143",6.9,0.45,0.11,2.4,0.043,NA,12,0.99354,3.3,0.65,11.4,6
"619",11.4,0.46,0.5,2.7,0.122,4,17,1.0006,3.13,0.7,10.2,5
"1553",6.3,0.68,0.01,3.7,0.103,NA,54,0.99586,3.51,0.66,11.3,6
"1294",7.5,0.755,0,1.9,0.084,6,12,0.99672,3.34,0.49,9.7,4
"27",7.6,0.41,0.24,1.8,0.08,4,11,0.9962,3.28,0.59,9.5,5
"592",6.6,0.39,0.49,1.7,0.07,23,NA,0.9922,3.12,0.5,11.5,6
"1134",7.2,0.48,0.07,5.5,0.089,10,18,NA,3.37,0.68,11.2,7
"924",6.8,0.41,0.31,8.8,0.084,26,45,0.99824,3.38,NA,10.1,6
"527",7.3,0.365,0.49,2.5,0.088,39,NA,0.9966,3.36,0.78,11,5
"870",7.6,0.63,0.03,NA,0.08,NA,43,0.99578,3.44,0.64,10.9,6
"1047",NA,0.78,0,1.7,0.076,33,45,0.99612,3.31,0.62,10.7,6
"778",6.9,0.635,0.17,2.4,0.241,6,18,0.9961,3.4,0.59,10.3,6
"1487",6.8,0.68,0.21,NA,0.07,9,23,0.99546,3.38,0.6,10.3,5
"1197",7.9,0.58,0.23,2.3,0.076,NA,94,0.99686,3.21,0.58,9.5,6
"267",8.1,0.87,0,3.3,NA,26,NA,1.00025,3.6,0.72,9.8,4
"1147",7.8,0.5,0.12,1.8,0.178,6,21,NA,3.28,0.87,9.8,6
"493",8.9,0.4,0.51,2.6,0.052,13,27,0.995,3.32,0.9,13.4,7
"1510",NA,0.18,0.4,1.8,0.062,7,20,0.9941,3.28,0.7,11.1,5
"1020",NA,0.5,0.14,1.8,0.078,NA,23,0.99636,3.53,0.61,10.4,5
"603",7.7,0.835,0,2.6,0.081,6,14,0.9975,3.3,0.52,9.3,5
"1585",6.7,0.32,0.44,NA,0.061,24,34,0.99484,3.29,0.8,11.6,7
"281",11.4,0.26,0.44,3.6,0.071,6,19,0.9986,3.12,0.82,9.3,6
"536",9.1,0.22,0.24,2.1,0.078,1,28,0.999,3.41,0.87,10.3,6
"528",7,0.38,NA,2.5,0.097,33,85,NA,3.39,NA,11.4,6
"1544",11.1,0.44,0.42,2.2,0.064,14,19,0.99758,3.25,0.57,10.4,6
"1444",6.9,0.58,0.2,1.75,0.058,8,22,0.99322,3.38,NA,11.7,5
"1173",9.7,0.42,0.46,2.1,0.074,5,16,0.99649,3.27,0.74,12.3,6
"743",6.5,0.615,0,1.9,0.065,9,18,0.9972,3.46,0.65,9.2,5
"195",7.6,0.55,0.21,2.2,0.071,7,28,0.9964,NA,0.55,9.7,5
"341",12.2,0.34,0.5,2.4,0.066,10,21,1,3.12,1.18,9.2,6
"1530",7.1,0.69,0.08,2.1,0.063,NA,52,0.99608,3.42,0.6,10.2,6
"1532",6.1,0.705,0.1,2.8,0.081,13,28,0.99631,3.6,0.66,10.2,5
"925",8.6,0.47,0.27,2.3,0.055,NA,NA,NA,3.18,0.8,11.2,5
"1357",6.1,NA,0.25,1.8,NA,4,28,0.99464,3.36,NA,10.1,5
"375",14,0.41,0.63,3.8,0.089,6,NA,1.0014,3.01,0.81,10.8,6
"158",7.1,0.43,0.42,5.5,0.071,28,128,0.9973,3.42,0.71,10.5,5
"941",9.6,0.33,0.52,NA,0.074,13,25,NA,3.36,0.76,12.4,7
"554",5,1.04,0.24,1.6,0.05,32,96,0.9934,3.74,0.62,11.5,5
"98",7,NA,0.25,2,NA,3,22,NA,3.25,0.63,9.2,5
"820",NA,0.66,0.15,3.2,0.097,9,59,0.99976,3.28,0.54,9.6,5
"1493",6.2,0.65,NA,NA,0.05,NA,18,0.99348,3.57,0.54,11.95,5
"683",8.5,0.46,0.31,2.25,0.078,32,58,0.998,3.33,0.54,9.8,5
"1050",9.3,0.5,0.36,1.8,0.084,6,17,0.99704,3.27,0.77,10.8,6
"1423",7,0.54,0,2.1,NA,39,55,0.9956,3.39,0.84,11.4,6
"1141",7.3,0.4,0.3,1.7,0.08,33,79,0.9969,3.41,0.65,9.5,6
"646",7.8,0.64,0.1,6,0.115,5,11,0.9984,3.37,0.69,10.1,7
"826",NA,0.46,0.14,2.8,0.076,15,37,0.99624,3.36,0.49,10.7,5
"791",7.4,0.37,0.43,2.6,0.082,18,82,0.99708,3.33,NA,9.7,6
"938",12,0.63,0.5,1.4,0.071,6,NA,0.99791,3.07,0.6,10.4,4
"425",7.7,0.96,0.2,2,0.047,15,60,0.9955,3.36,0.44,10.9,5
"252",7.1,0.6,NA,1.8,0.074,16,34,0.9972,3.47,0.7,9.9,6
"1526",6.7,0.48,0.08,2.1,0.064,18,34,0.99552,3.33,0.64,9.7,5
"85",6.3,0.3,0.48,1.8,0.069,18,61,0.9959,3.44,0.78,10.3,6
"1057",8.9,0.48,0.53,4,0.101,3,10,0.99586,3.21,0.59,12.1,7
"1128",6.3,0.76,0,2.9,0.072,26,52,0.99379,3.51,0.6,11.5,6
"1324",9.1,NA,0.39,1.8,0.06,21,55,0.99495,3.18,0.82,11,7
"1546",6.5,0.63,0.33,1.8,0.059,NA,28,0.99531,3.36,0.64,10.1,6
"126",9,0.62,0.04,1.9,0.146,NA,90,0.9984,3.16,0.7,9.4,5
"547",7.5,0.55,0.24,2,0.078,10,28,0.9983,3.45,0.78,9.5,6
"1361",9.2,0.54,0.31,2.3,0.112,11,38,0.99699,3.24,0.56,10.9,5
"237",7.2,0.63,0,1.9,0.097,14,38,0.99675,3.37,0.58,9,6
"1301",5.2,0.645,0,2.15,NA,NA,28,0.99444,3.78,0.61,12.5,6
"503",10.4,0.44,0.73,6.55,0.074,38,76,NA,3.17,0.85,12,7
"614",8.2,0.39,0.38,1.5,0.058,10,29,0.9962,3.26,0.74,9.8,5
"1374",7.7,0.75,NA,3.8,0.11,34,NA,0.99664,3.24,0.45,9.3,5
"968",8.5,0.66,0.2,2.1,0.097,23,113,0.99733,3.13,0.48,9.2,5
"95",5,1.02,0.04,1.4,0.045,41,85,0.9938,3.75,0.48,10.5,4
"1273",5.9,0.46,0,1.9,0.077,25,44,0.99385,NA,0.53,11.2,5
"233",8.5,0.37,0.2,2.8,NA,NA,58,0.998,3.34,NA,9.6,6
"522",7.6,0.41,0.49,2,0.088,16,43,0.998,3.48,0.64,9.1,5
"379",11.4,0.625,0.66,6.2,0.088,6,24,0.9988,3.11,NA,13.3,6
"1018",8,0.18,0.37,0.9,0.049,36,109,0.99007,2.89,0.44,12.7,6
"331",10.2,0.36,0.64,2.9,0.122,10,41,0.998,3.23,0.66,12.5,6
"987",9.8,0.34,0.39,NA,NA,3,NA,0.9947,3.19,NA,11.4,7
"271",7.9,0.545,0.06,4,0.087,27,61,0.9965,3.36,0.67,10.7,6
"1092",7.9,0.34,0.42,2,0.086,8,19,0.99546,3.35,0.6,11.4,6
"828",7.1,0.46,0.14,2.8,0.076,15,37,0.99624,3.36,0.49,10.7,5
"615",NA,0.755,0.18,2.2,0.148,10,103,0.9969,2.87,NA,10.2,6
"491",9.3,0.775,0.27,2.8,0.078,24,56,0.9984,3.31,0.67,10.6,6
"1220",9,0.39,0.4,1.3,0.044,NA,50,0.99478,3.2,0.83,10.9,6
"712",8.9,0.565,0.34,3,0.093,16,112,0.9998,3.38,0.61,9.5,5
"1519",NA,0.47,0.46,2.2,0.114,7,20,0.99647,3.32,NA,10.5,5
"355",6.1,0.21,0.4,1.4,NA,NA,165,0.9912,3.25,0.59,11.9,6
"685",9.8,0.98,0.32,2.3,0.078,35,152,0.998,3.25,0.48,9.4,5
"1108",9.1,0.3,0.41,2,0.068,NA,NA,0.99523,3.27,0.85,11.7,7
"688",9.1,0.64,0.23,3.1,0.095,13,38,0.9998,3.28,0.59,9.7,5
"8",7.3,0.65,0,1.2,0.065,15,21,0.9946,3.39,0.47,10,7
"864",NA,0.62,0.06,NA,0.078,17,84,0.99746,3.51,0.53,9.7,5
"105",7.2,NA,NA,2.2,0.07,NA,NA,0.996,3.33,0.48,9.4,5
"176",6.9,0.5,0.04,1.5,0.085,19,NA,0.9958,3.35,0.78,9.5,5
"141",8.4,0.745,0.11,1.9,0.09,16,63,0.9965,3.19,0.82,9.6,5
"1306",7.5,0.61,0.26,1.9,0.073,24,88,NA,3.3,0.53,9.8,5
"530",NA,0.63,NA,2.4,0.077,6,33,0.9974,3.09,0.57,9.4,5
"133",5.6,0.5,0.09,2.3,0.049,17,99,NA,3.63,0.63,13,5
"543",9.3,0.715,0.24,2.1,0.07,5,20,0.9966,3.12,0.59,9.9,5
"532",11.9,0.38,0.49,2.7,0.098,12,42,1.0004,3.16,0.61,10.3,5
"753",7.6,0.54,0.13,2.5,0.097,24,66,0.99785,3.39,NA,9.4,5
"1135",8.5,0.28,0.35,1.7,0.061,6,15,0.99524,3.3,0.74,11.8,7
"707",7,0.78,0.08,2,0.093,10,19,0.9956,3.4,0.47,10,5
"752",8.3,0.65,0.1,2.9,0.089,17,40,0.99803,3.29,0.55,9.5,5
"264",7.9,0.37,0.23,1.8,0.077,23,49,0.9963,3.28,0.67,9.3,5
"275",7.5,0.65,0.18,7,0.088,27,94,0.99915,3.38,0.77,9.4,5
"266",11.8,0.26,0.52,1.8,0.071,NA,10,0.9968,3.2,0.72,10.2,7
"1318",9.9,0.44,0.46,2.2,0.091,10,41,0.99638,3.18,0.69,11.9,6
"1056",8.2,0.64,NA,2,0.095,5,77,NA,3.13,0.62,9.1,6
"566",12.7,NA,0.49,2.8,0.075,5,19,0.9994,3.14,0.57,11.4,5
"490",9.3,0.39,0.4,2.6,0.073,NA,26,NA,3.34,0.75,10.2,6
"461",9.2,0.43,NA,NA,0.083,14,23,NA,3.35,0.61,11.3,6
"1035",8.9,0.745,0.18,2.5,0.077,15,48,0.99739,3.2,0.47,9.7,6
"589",5,0.42,0.24,2,0.06,19,50,0.9917,3.72,0.74,14,NA
"738",8.2,0.59,0,2.5,0.093,19,58,1.0002,3.5,0.65,9.3,6
"143",5.2,0.34,0,1.8,0.05,27,63,0.9916,3.68,0.79,14,6
"1430",7.9,0.18,0.4,2.2,0.049,38,67,0.996,3.33,0.93,11.3,5
"1402",7.9,0.69,0.21,2.1,0.08,33,141,0.9962,3.25,0.51,9.9,5
"485",10.6,0.44,0.68,NA,0.114,6,24,0.997,3.06,0.66,13.4,6
"256",8,0.57,0.23,3.2,0.073,17,119,0.99675,3.26,0.57,9.3,5
"346",NA,NA,0,1.9,0.067,40,63,NA,3.6,0.81,9.9,5
"689",7.7,0.66,0.04,1.6,0.039,4,9,0.9962,3.4,0.47,9.4,5
"412",NA,0.45,0.35,2.4,0.08,23,78,0.9987,3.38,0.62,9.5,5
"722",8.9,0.48,0.24,2.85,0.094,NA,106,0.9982,3.1,NA,9.2,5
"827",7.5,NA,0.34,NA,0.05,4,8,0.9951,3.4,0.64,11,7
"1268",10.4,0.43,0.5,2.3,0.068,13,19,NA,3.1,0.87,11.4,6
"946",10.2,0.44,0.42,2,0.071,7,20,0.99566,3.14,0.79,11.1,7
"39",5.7,1.13,0.09,1.5,0.172,7,19,0.994,3.5,0.48,9.8,4
"418",7,0.58,0.12,1.9,0.091,34,NA,0.9956,3.44,0.48,10.5,5
"204",7,0.42,0.35,1.6,0.088,16,NA,0.9961,3.34,0.55,9.2,5
"222",7.4,0.53,0.26,2,0.101,NA,72,NA,NA,0.57,9.4,5
"1103",6.1,0.48,0.09,1.7,0.078,18,30,0.99402,3.45,0.54,11.2,6
"660",7.1,0.84,0.02,4.4,0.096,5,NA,0.997,3.41,0.57,11,4
"1483",7.2,0.58,0.54,2.1,0.114,NA,9,NA,3.33,0.57,10.3,4
"1335",NA,0.835,0,2,0.166,4,NA,0.99608,3.39,0.52,10,5
"520",7.3,0.365,0.49,2.5,0.088,39,106,0.9966,3.36,0.78,11,5
"668",11.3,0.34,0.45,2,0.082,NA,15,0.9988,2.94,0.66,9.2,6
"1488",6,0.64,0.05,1.9,0.066,9,NA,0.99496,3.52,0.78,10.6,5
"97",6.8,0.775,0,3,0.102,8,23,0.9965,3.45,0.56,10.7,5
"1480",8.2,NA,0.6,3,0.104,10,22,0.99828,3.39,0.68,10.6,5
"1010",9.6,0.5,0.36,2.8,0.116,26,55,0.99722,3.18,0.68,10.9,5
"184",6.8,0.61,NA,1.8,0.077,11,65,0.9971,3.54,0.58,9.3,5
"318",9.6,0.77,0.12,2.9,0.082,30,74,0.99865,3.3,0.64,10.4,6
"69",9.3,0.32,0.57,2,0.074,27,NA,0.9969,3.28,0.79,10.7,5
"1323",9.1,0.34,0.42,1.8,0.058,NA,18,0.99392,3.18,0.55,11.4,5
"378",9.4,0.27,0.53,2.4,0.074,6,18,0.9962,3.2,1.13,12,7
"18",8.1,0.56,0.28,1.7,0.368,16,56,0.9968,3.11,1.28,9.3,5
"242",12,0.38,0.56,2.1,0.093,6,24,NA,3.14,0.71,10.9,6
"178",7.5,0.52,0.42,2.3,0.087,8,38,0.9972,3.58,0.61,10.5,6
"1471",10,0.69,0.11,1.4,0.084,8,24,0.99578,2.88,0.47,9.7,5
"674",8.2,0.73,0.21,1.7,0.074,5,13,NA,3.2,0.52,9.5,5
"180",8.8,0.61,0.14,2.4,0.067,10,42,0.9969,3.19,0.59,9.5,5
"1369",8,0.77,0.32,2.1,0.079,16,74,0.99656,3.27,0.5,9.8,6
"506",10.2,0.49,0.63,2.9,0.072,10,26,0.9968,3.16,0.78,12.5,7
"1287",7.1,0.16,0.44,2.5,0.068,17,31,0.99328,3.35,NA,12.4,6
"1158",5.1,NA,0.18,2.1,0.042,16,101,0.9924,3.46,0.87,12.9,7
"790",8.6,0.63,0.17,2.9,0.099,21,119,0.998,3.09,0.52,9.3,5
"900",8.3,NA,0.02,3.4,0.084,6,11,NA,3.48,0.49,11,3
"236",7.2,0.63,0,1.9,0.097,14,38,0.99675,3.37,0.58,9,6
"1172",7.1,0.59,0,2.2,0.078,26,44,0.99522,3.42,0.68,10.8,NA
"691",7.4,1.185,0,4.25,0.097,NA,14,0.9966,3.63,0.54,10.7,3
"295",13.3,0.34,0.52,3.2,0.094,17,53,1.0014,3.05,0.81,9.5,6
"521",9.8,0.25,0.49,2.7,0.088,15,33,0.9982,3.42,0.9,10,6
"831",7.5,0.685,0.07,2.5,0.058,5,9,0.99632,3.38,0.55,10.9,4
"531",9.1,0.22,0.24,2.1,0.078,1,28,0.999,3.41,NA,10.3,6
"21",8.9,0.22,0.48,1.8,NA,29,60,0.9968,3.39,0.53,9.4,6
"1003",9.1,0.29,0.33,2.05,0.063,13,27,0.99516,3.26,0.84,11.7,7
"959",NA,0.57,0.12,2.3,0.12,25,36,0.99519,3.47,0.71,11.3,7
"492",9.2,0.41,0.5,2.5,0.055,12,25,NA,3.34,0.79,13.3,7
"866",7.2,0.635,0.07,2.6,0.077,16,NA,0.99748,3.51,0.54,9.7,5
"372",7.9,0.24,0.4,1.6,0.056,11,NA,0.9967,3.32,NA,8.7,6
"1285",7,0.42,0.19,NA,0.071,NA,36,0.99476,3.39,0.56,10.9,5
"420",6.8,0.77,0,1.8,0.066,34,NA,0.9976,3.62,NA,9.9,5
"697",7,0.65,0.02,2.1,0.066,8,25,0.9972,3.47,NA,9.5,6
"1289",7,0.6,0.3,4.5,0.068,20,110,0.99914,3.3,1.17,10.2,5
"57",10.2,0.42,NA,3.4,0.07,4,10,0.9971,3.04,0.63,9.6,5
"803",5.1,0.585,0,1.7,0.044,14,86,0.99264,3.56,0.94,12.9,7
"1144",7,0.22,0.3,1.8,0.065,16,NA,0.99672,3.61,0.82,10,6
"809",NA,0.53,0.12,1.9,0.165,4,12,0.99702,3.26,0.86,9.2,5
"1166",8.5,0.44,0.5,NA,0.369,15,38,0.99634,3.01,1.1,9.4,5
"1440",7.3,0.67,0.02,2.2,0.072,31,92,0.99566,3.32,0.68,11.0666666666667,6
"394",8.4,0.665,NA,2,0.112,13,95,0.997,3.16,0.54,9.1,5
"1119",7.1,0.39,0.12,2.1,0.065,14,24,0.99252,3.3,0.53,13.3,6
"1417",10,0.32,0.59,2.2,NA,3,15,0.9994,3.2,0.78,9.6,5
"353",NA,0.665,0,2.4,NA,8,19,0.9974,3.27,0.73,9.3,5
"1091",10,0.26,0.54,1.9,0.083,42,74,NA,2.98,0.63,11.8,8
"65",7.2,0.725,0.05,4.65,0.086,4,11,0.9962,3.41,0.39,10.9,5
"590",10.2,0.29,0.49,2.6,0.059,5,13,0.9976,3.05,NA,10.5,7
"895",NA,0.63,0.03,2.2,0.08,17,88,0.99745,3.53,0.58,9.8,6
"1489",NA,0.54,0.04,1.7,0.049,5,13,0.9942,3.72,0.58,11.4,5
"58",7.5,0.63,0.12,5.1,0.111,50,110,0.9983,NA,0.77,9.4,5
"757",6.3,0.98,0.01,2,0.057,NA,33,0.99488,3.6,0.46,11.2,6
"480",9.4,0.685,0.11,2.7,0.077,6,31,0.9984,3.19,0.7,10.1,6
"1292",8.2,0.635,0.1,2.1,0.073,25,60,0.99638,3.29,0.75,10.9,6
"1479",7.1,0.875,0.05,NA,NA,3,14,0.99808,3.4,0.52,10.2,3
"511",12.4,0.42,0.49,4.6,0.073,19,43,0.9978,3.02,0.61,9.5,5
"1501",NA,0.725,0.04,NA,0.076,8,15,NA,3.26,0.53,9.6,5
"361",8.2,0.7,0.23,2,0.099,14,81,NA,3.19,0.7,9.4,5
"1171",9.2,0.36,0.34,1.6,0.062,5,12,0.99667,3.2,0.67,10.5,6
"371",6.9,0.765,0.02,2.3,0.063,35,63,0.9975,3.57,0.78,9.9,5
"1428",7.6,NA,0.33,2.5,0.078,6,23,0.9957,3.3,0.58,11.2,5
"1019",8,0.18,0.37,0.9,0.049,36,109,0.99007,2.89,0.44,12.7,6
"354",13.5,0.53,0.79,4.8,0.12,23,77,NA,3.18,0.77,13,5
"1560",7.8,NA,0.26,2,0.08,NA,131,0.99622,3.21,0.52,9.9,5
"995",10,NA,0.45,2.5,0.092,20,88,0.99918,3.15,0.43,9.4,5
"1443",6.9,0.63,0.02,1.9,0.078,18,30,0.99712,3.4,0.75,9.8,5
"1302",NA,0.86,0.07,2,0.1,NA,57,0.99598,3.6,0.74,11.7,6
"1454",7.6,0.49,0.33,NA,0.074,27,85,0.99706,3.41,0.58,9,5
"1376",7.2,0.56,0.26,2,0.083,13,100,0.99586,3.26,0.52,9.9,5
"1234",10.2,0.23,0.37,2.2,0.057,14,36,NA,3.23,0.49,9.3,4
"284",8.9,0.4,0.32,5.6,0.087,10,47,0.9991,3.38,0.77,10.5,7
"816",10.8,0.45,0.33,2.5,0.099,20,NA,0.99818,3.24,0.71,10.8,5
"1114",8.9,0.24,0.39,1.6,0.074,3,10,0.99698,3.12,NA,9.5,6
"926",NA,0.22,0.36,1.9,0.064,53,77,NA,3.47,0.87,11,7
"150",8.2,0.4,0.44,2.8,0.089,11,43,0.9975,3.53,0.61,10.5,6
"666",9.4,0.59,0.14,2,0.084,25,48,0.9981,3.14,0.56,9.7,5
"1407",8.2,0.24,0.34,5.1,0.062,8,22,0.9974,3.22,0.94,10.9,6
"724",7.1,0.31,0.3,2.2,0.053,36,127,0.9965,2.94,1.62,9.5,5
"863",7.5,0.42,0.32,2.7,0.067,7,25,0.99628,3.24,0.44,10.4,5
"872",6.9,0.56,0.03,1.5,0.086,36,46,0.99522,3.53,0.57,10.6,5
"30",7.8,0.645,NA,NA,0.082,8,16,0.9964,3.38,0.59,9.8,6
"1490",6.2,NA,0.1,2.1,0.048,4,11,0.99448,3.44,0.76,10.8,6
"947",10.2,0.44,0.58,4.1,0.092,11,NA,0.99745,3.29,0.99,12,7
"1094",NA,0.31,0.36,2.2,0.079,11,31,0.99615,3.33,0.86,12,7
"1259",6.8,0.64,0,2.7,0.123,15,33,0.99538,3.44,0.63,11.3,6
"1188",7,0.43,0.3,2,0.085,NA,39,0.99346,3.33,0.46,11.9,6
"678",8.6,0.8,0.11,2.3,0.084,12,31,0.9979,3.4,0.48,9.9,5
"99",7.6,0.9,0.06,2.5,0.079,5,10,0.9967,3.39,0.56,9.8,5
"833",10.4,NA,NA,1.5,0.145,NA,48,0.99832,3.38,0.86,9.9,3
"1578",6.2,0.7,0.15,5.1,0.076,13,NA,0.99622,3.54,0.6,11.9,6
"175",7.3,0.38,0.21,NA,0.08,7,35,0.9961,3.33,0.47,9.5,5
"516",8.5,0.655,0.49,6.1,0.122,NA,NA,1.001,3.31,1.14,9.3,5
"1199",7.7,0.26,0.26,2,0.052,NA,77,0.9951,3.15,0.79,10.9,6
"1446",7.4,0.785,0.19,5.2,0.094,19,98,0.99713,3.16,0.52,9.6,6
"1026",8.6,0.83,0,2.8,0.095,17,43,NA,3.33,0.6,10.4,6
"1591",6.3,0.55,0.15,1.8,0.077,26,35,0.99314,3.32,NA,11.6,6
"710",9.7,0.31,0.47,1.6,0.062,13,33,0.9983,NA,0.66,10,6
"788",10,0.56,0.24,2.2,0.079,19,58,0.9991,3.18,0.56,10.1,6
"910",7.3,0.305,0.39,1.2,0.059,NA,11,0.99331,3.29,0.52,11.5,6
"649",8.7,0.48,0.3,2.8,0.066,10,28,0.9964,3.33,0.67,11.2,7
"92",8.6,0.49,0.28,1.9,0.11,20,NA,0.9972,2.93,1.95,9.9,6
"415",8.8,0.52,0.34,2.7,0.087,24,122,0.9982,NA,0.61,9.5,5
"1005",8.2,0.43,0.29,1.6,0.081,27,45,0.99603,3.25,0.54,10.3,5
"454",10.4,0.33,0.63,NA,0.084,NA,22,0.9998,3.26,0.74,11.2,7
"662",7.5,0.42,0.31,1.6,0.08,15,42,0.9978,3.31,0.64,9,5
"497",7.8,0.52,0.25,1.9,0.081,14,38,0.9984,3.43,0.65,9,6
"1212",6.6,NA,0.15,2.1,0.076,22,53,0.9957,3.32,0.62,9.3,5
"443",15.6,0.685,0.76,NA,0.1,6,43,1.0032,2.95,0.68,11.2,7
"210",11,0.3,0.58,2.1,0.054,7,19,0.998,3.31,0.88,10.5,7
"875",10.4,0.38,0.46,2.1,0.104,6,10,0.99664,3.12,NA,11.8,7
"1175",7.6,0.36,0.31,NA,0.079,26,65,0.99716,3.46,0.62,9.5,6
"1290",7,0.6,0.3,4.5,0.068,20,110,0.99914,3.3,1.17,10.2,5
"363",11.9,0.58,0.66,2.5,0.072,6,37,NA,3.05,0.56,10,5
"881",9.2,0.56,0.18,1.6,0.078,10,21,0.99576,3.15,0.49,9.9,5
"965",8.5,0.47,0.27,1.9,0.058,18,38,0.99518,3.16,0.85,11.1,6
"1513",6.4,0.79,0.04,2.2,0.061,11,17,0.99588,3.53,0.65,10.4,6
"459",10.4,0.33,0.63,2.8,0.084,5,22,0.9998,3.26,0.74,11.2,7
"1464",6.9,0.63,0.01,2.4,0.076,14,39,NA,3.34,0.53,10.8,6
"1375",6.8,0.815,0,1.2,0.267,16,29,0.99471,3.32,0.51,9.8,3
"823",NA,0.54,0.13,2,0.076,NA,36,0.9973,3.61,0.64,9.8,5
"1176",6.5,NA,0,2.2,0.095,48,59,0.99541,3.61,0.7,11.5,6
"1016",10.5,0.39,0.46,2.2,NA,14,27,0.99598,3.06,0.84,11.4,6
"238",7.2,0.645,0,1.9,0.097,15,39,0.99675,NA,0.58,9.2,6
"1399",7,0.6,0.12,2.2,0.083,13,28,0.9966,3.52,0.62,10.2,7
"1",NA,0.7,0,1.9,0.076,NA,34,0.9978,3.51,0.56,9.4,5
"1462",6.2,0.785,0,2.1,0.06,6,13,0.99664,3.59,0.61,10,4
"569",9.8,0.5,0.49,2.6,0.25,5,20,0.999,3.31,0.79,10.7,6
"1241",7.5,0.61,0.2,1.7,0.076,36,60,0.99494,3.1,0.4,9.3,5
"1517",6.1,0.32,0.25,2.3,0.071,23,58,0.99633,3.42,0.97,10.6,5
"1130",10.5,0.43,0.35,NA,0.092,24,70,0.99798,3.21,0.69,10.5,6
"1214",9.6,0.38,0.42,1.9,0.071,5,NA,0.99659,NA,0.75,10.5,6
"71",7.7,0.63,0.08,1.9,0.076,15,27,0.9967,3.32,0.54,9.5,6
"654",9.4,0.33,0.59,2.8,0.079,9,30,0.9976,3.12,0.54,12,6
"10",7.5,0.5,0.36,6.1,0.071,NA,102,0.9978,3.35,0.8,10.5,5
"1422",7.5,0.4,0.18,NA,0.079,NA,58,0.9965,3.34,0.58,9.4,5
"1067",6.6,0.52,0.08,2.4,0.07,NA,26,NA,3.4,0.72,12.5,7
"856",NA,0.735,0.02,2.5,0.071,NA,14,0.99538,3.51,0.71,11.7,7
"166",7.8,0.63,0.48,1.7,0.1,14,96,0.9961,3.19,0.62,9.5,5
"1113",7.9,0.33,0.41,1.5,0.056,6,35,0.99396,3.29,0.71,11,6
"789",10,0.56,0.24,2.2,0.079,19,58,0.9991,3.18,0.56,10.1,6
"63",7.5,0.52,0.16,1.9,0.085,12,35,0.9968,3.38,0.62,9.5,7
"1063",8,0.38,0.44,1.9,0.098,6,15,0.9956,3.3,0.64,11.4,6
"1007",9.1,0.29,0.33,2.05,0.063,13,27,0.99516,3.26,0.84,11.7,7
"35",5.2,0.32,0.25,1.8,NA,NA,50,0.9957,3.38,0.55,9.2,5
"1573",7.3,0.69,0.32,2.2,0.069,35,104,NA,3.33,0.51,9.5,5
"1413",8.2,0.24,0.34,5.1,0.062,NA,22,0.9974,3.22,0.94,10.9,6
"1558",6.6,0.855,0.02,2.4,0.062,15,23,0.99627,3.54,0.6,11,6
"813",NA,0.45,0.33,2.5,0.099,20,38,0.99818,3.24,0.71,10.8,5
"1506",6.7,0.76,0.02,1.8,0.078,6,12,0.996,3.55,0.63,9.95,3
"797",8.7,0.46,0.31,2.5,0.126,24,64,0.99746,3.1,0.74,9.6,5
"731",9.5,0.55,0.66,2.3,0.387,12,37,NA,3.17,0.67,9.6,5
"487",10.2,0.67,0.39,1.9,0.054,6,17,0.9976,3.17,0.47,10,5
"1508",7.5,0.38,0.57,2.3,0.106,5,12,NA,3.36,0.55,11.4,6
"17",8.5,0.28,0.56,1.8,0.092,35,103,0.9969,NA,NA,10.5,7
"482",NA,0.3,0.56,2.8,0.08,6,17,NA,3.15,NA,11.7,8
"1211",6.8,0.65,0.02,NA,0.078,8,15,0.99498,3.35,0.62,10.4,6
"433",11.9,0.37,0.69,2.3,0.078,12,24,0.9958,3,0.65,12.8,6
"1077",9.9,0.32,0.56,2,0.073,3,8,0.99534,3.15,0.73,11.4,6
"1528",7.1,0.53,0.07,1.7,0.071,15,24,0.9951,3.29,0.66,10.8,6
"1326",6.7,0.46,0.24,1.7,0.077,18,34,0.9948,3.39,0.6,10.6,6
"1012",8.9,0.32,0.31,2,0.088,12,19,0.9957,3.17,0.55,10.4,6
"1257",7.5,0.59,NA,1.8,0.082,43,60,0.99499,3.1,0.42,9.2,5
"478",NA,0.24,0.49,1.8,0.075,6,20,0.9977,3.18,1.06,11,6
"1164",9,0.785,0.24,1.7,0.078,10,21,0.99692,3.29,0.67,10,5
"458",9.2,0.63,0.21,2.7,0.097,29,65,0.9988,3.28,0.58,9.6,5
"112",8.4,0.62,0.09,2.2,0.084,11,108,0.9964,3.15,0.66,9.8,5
"161",7.6,0.95,0.03,NA,0.09,7,20,0.9959,3.2,0.56,9.6,5
"106",8.1,0.575,0.22,2.1,0.077,12,65,0.9967,3.29,0.51,9.2,5
"135",NA,1.04,0.05,2.2,0.084,13,29,0.9959,3.22,0.55,9.9,6
"1441",7.2,0.37,0.32,2,0.062,NA,28,0.9947,3.23,0.73,11.3,7
"1184",6.8,0.66,0.07,1.6,0.07,16,61,0.99572,3.29,0.6,9.3,5
"4",11.2,0.28,0.56,1.9,0.075,17,60,0.998,3.16,0.58,9.8,NA
"5",7.4,0.7,0,1.9,0.076,11,34,0.9978,3.51,0.56,9.4,NA
"6",7.4,0.66,0,1.8,0.075,13,40,0.9978,3.51,0.56,9.4,NA
"7",7.9,0.6,0.06,1.6,0.069,15,59,0.9964,3.3,0.46,9.4,NA
"9",7.8,0.58,0.02,2,0.073,9,18,0.9968,3.36,0.57,9.5,NA
"11",6.7,0.58,0.08,1.8,0.097,15,65,0.9959,3.28,0.54,9.2,NA
"12",7.5,0.5,0.36,6.1,0.071,17,102,0.9978,3.35,0.8,10.5,NA
"13",5.6,0.615,0,1.6,0.089,16,59,0.9943,3.58,0.52,9.9,NA
"14",7.8,0.61,0.29,1.6,0.114,9,29,0.9974,3.26,1.56,9.1,NA
"15",8.9,0.62,0.18,3.8,0.176,52,145,0.9986,3.16,0.88,9.2,NA
"19",7.4,0.59,0.08,4.4,0.086,6,29,0.9974,3.38,0.5,9,NA
"20",7.9,0.32,0.51,1.8,0.341,17,56,0.9969,3.04,1.08,9.2,NA
"22",7.6,0.39,0.31,2.3,0.082,23,71,0.9982,3.52,0.65,9.7,NA
"23",7.9,0.43,0.21,1.6,0.106,10,37,0.9966,3.17,0.91,9.5,NA
"26",6.3,0.39,0.16,1.4,0.08,11,23,0.9955,3.34,0.56,9.3,NA
"28",7.9,0.43,0.21,1.6,0.106,10,37,0.9966,3.17,0.91,9.5,NA
"29",7.1,0.71,0,1.9,0.08,14,35,0.9972,3.47,0.55,9.4,NA
"31",6.7,0.675,0.07,2.4,0.089,17,82,0.9958,3.35,0.54,10.1,NA
"32",6.9,0.685,0,2.5,0.105,22,37,0.9966,3.46,0.57,10.6,NA
"34",6.9,0.605,0.12,10.7,0.073,40,83,0.9993,3.45,0.52,9.4,NA
"36",7.8,0.645,0,5.5,0.086,5,18,0.9986,3.4,0.55,9.6,NA
"38",8.1,0.38,0.28,2.1,0.066,13,30,0.9968,3.23,0.73,9.7,NA
"43",7.5,0.49,0.2,2.6,0.332,8,14,0.9968,3.21,0.9,10.5,NA
"44",8.1,0.66,0.22,2.2,0.069,9,23,0.9968,3.3,1.2,10.3,NA
"45",6.8,0.67,0.02,1.8,0.05,5,11,0.9962,3.48,0.52,9.5,NA
"47",7.7,0.935,0.43,2.2,0.114,22,114,0.997,3.25,0.73,9.2,NA
"48",8.7,0.29,0.52,1.6,0.113,12,37,0.9969,3.25,0.58,9.5,NA
"50",5.6,0.31,0.37,1.4,0.074,12,96,0.9954,3.32,0.58,9.2,NA
"51",8.8,0.66,0.26,1.7,0.074,4,23,0.9971,3.15,0.74,9.2,NA
"52",6.6,0.52,0.04,2.2,0.069,8,15,0.9956,3.4,0.63,9.4,NA
"54",8.6,0.38,0.36,3,0.081,30,119,0.997,3.2,0.56,9.4,NA
"55",7.6,0.51,0.15,2.8,0.11,33,73,0.9955,3.17,0.63,10.2,NA
"56",7.7,0.62,0.04,3.8,0.084,25,45,0.9978,3.34,0.53,9.5,NA
"59",7.8,0.59,0.18,2.3,0.076,17,54,0.9975,3.43,0.59,10,NA
"61",8.8,0.4,0.4,2.2,0.079,19,52,0.998,3.44,0.64,9.2,NA
"64",7,0.735,0.05,2,0.081,13,54,0.9966,3.39,0.57,9.8,NA
"66",7.2,0.725,0.05,4.65,0.086,4,11,0.9962,3.41,0.39,10.9,NA
"67",7.5,0.52,0.11,1.5,0.079,11,39,0.9968,3.42,0.58,9.6,NA
"68",6.6,0.705,0.07,1.6,0.076,6,15,0.9962,3.44,0.58,10.7,NA
"70",8,0.705,0.05,1.9,0.074,8,19,0.9962,3.34,0.95,10.5,NA
"72",7.7,0.67,0.23,2.1,0.088,17,96,0.9962,3.32,0.48,9.5,NA
"74",8.3,0.675,0.26,2.1,0.084,11,43,0.9976,3.31,0.53,9.2,NA
"75",9.7,0.32,0.54,2.5,0.094,28,83,0.9984,3.28,0.82,9.6,NA
"77",8.8,0.41,0.64,2.2,0.093,9,42,0.9986,3.54,0.66,10.5,NA
"79",6.7,0.75,0.12,2,0.086,12,80,0.9958,3.38,0.52,10.1,NA
"80",8.3,0.625,0.2,1.5,0.08,27,119,0.9972,3.16,1.12,9.1,NA
"81",6.2,0.45,0.2,1.6,0.069,3,15,0.9958,3.41,0.56,9.2,NA
"83",7.4,0.5,0.47,2,0.086,21,73,0.997,3.36,0.57,9.1,NA
"86",6.9,0.55,0.15,2.2,0.076,19,40,0.9961,3.41,0.59,10.1,NA
"89",9.3,0.39,0.44,2.1,0.107,34,125,0.9978,3.14,1.22,9.5,NA
"90",7,0.62,0.08,1.8,0.076,8,24,0.9978,3.48,0.53,9,NA
"93",8.6,0.49,0.29,2,0.11,19,133,0.9972,2.93,1.98,9.8,NA
"96",4.7,0.6,0.17,2.3,0.058,17,106,0.9932,3.85,0.6,12.9,NA
"101",8.3,0.61,0.3,2.1,0.084,11,50,0.9972,3.4,0.61,10.2,NA
"102",7.8,0.5,0.3,1.9,0.075,8,22,0.9959,3.31,0.56,10.4,NA
"104",8.1,0.575,0.22,2.1,0.077,12,65,0.9967,3.29,0.51,9.2,NA
"111",7.8,0.56,0.19,1.8,0.104,12,47,0.9964,3.19,0.93,9.5,NA
"113",8.4,0.6,0.1,2.2,0.085,14,111,0.9964,3.15,0.66,9.8,NA
"114",10.1,0.31,0.44,2.3,0.08,22,46,0.9988,3.32,0.67,9.7,NA
"116",9.4,0.4,0.31,2.2,0.09,13,62,0.9966,3.07,0.63,10.5,NA
"117",8.3,0.54,0.28,1.9,0.077,11,40,0.9978,3.39,0.61,10,NA
"118",7.8,0.56,0.12,2,0.082,7,28,0.997,3.37,0.5,9.4,NA
"119",8.8,0.55,0.04,2.2,0.119,14,56,0.9962,3.21,0.6,10.9,NA
"120",7,0.69,0.08,1.8,0.097,22,89,0.9959,3.34,0.54,9.2,NA
"121",7.3,1.07,0.09,1.7,0.178,10,89,0.9962,3.3,0.57,9,NA
"122",8.8,0.55,0.04,2.2,0.119,14,56,0.9962,3.21,0.6,10.9,NA
"123",7.3,0.695,0,2.5,0.075,3,13,0.998,3.49,0.52,9.2,NA
"124",8,0.71,0,2.6,0.08,11,34,0.9976,3.44,0.53,9.5,NA
"125",7.8,0.5,0.17,1.6,0.082,21,102,0.996,3.39,0.48,9.5,NA
"127",8.2,1.33,0,1.7,0.081,3,12,0.9964,3.53,0.49,10.9,NA
"128",8.1,1.33,0,1.8,0.082,3,12,0.9964,3.54,0.48,10.9,NA
"129",8,0.59,0.16,1.8,0.065,3,16,0.9962,3.42,0.92,10.5,NA
"134",6.6,0.5,0.01,1.5,0.06,17,26,0.9952,3.4,0.58,9.8,NA
"136",8.4,0.745,0.11,1.9,0.09,16,63,0.9965,3.19,0.82,9.6,NA
"137",8.3,0.715,0.15,1.8,0.089,10,52,0.9968,3.23,0.77,9.5,NA
"139",7.8,0.56,0.19,2.1,0.081,15,105,0.9962,3.33,0.54,9.5,NA
"140",7.8,0.56,0.19,2,0.081,17,108,0.9962,3.32,0.54,9.5,NA
"142",8.3,0.715,0.15,1.8,0.089,10,52,0.9968,3.23,0.77,9.5,NA
"144",6.3,0.39,0.08,1.7,0.066,3,20,0.9954,3.34,0.58,9.4,NA
"145",5.2,0.34,0,1.8,0.05,27,63,0.9916,3.68,0.79,14,NA
"147",5.8,0.68,0.02,1.8,0.087,21,94,0.9944,3.54,0.52,10,NA
"151",7.3,0.33,0.47,2.1,0.077,5,11,0.9958,3.33,0.53,10.3,NA
"152",9.2,0.52,1,3.4,0.61,32,69,0.9996,2.74,2,9.4,NA
"154",7.5,0.6,0.03,1.8,0.095,25,99,0.995,3.35,0.54,10.1,NA
"155",7.1,0.43,0.42,5.5,0.07,29,129,0.9973,3.42,0.72,10.5,NA
"157",7.1,0.43,0.42,5.5,0.07,29,129,0.9973,3.42,0.72,10.5,NA
"160",6.8,0.6,0.18,1.9,0.079,18,86,0.9968,3.59,0.57,9.3,NA
"164",7.4,0.6,0.26,7.3,0.07,36,121,0.9982,3.37,0.49,9.4,NA
"167",6.8,0.64,0.1,2.1,0.085,18,101,0.9956,3.34,0.52,10.2,NA
"168",7.3,0.55,0.03,1.6,0.072,17,42,0.9956,3.37,0.48,9,NA
"172",8,0.42,0.17,2,0.073,6,18,0.9972,3.29,0.61,9.2,NA
"173",8,0.42,0.17,2,0.073,6,18,0.9972,3.29,0.61,9.2,NA
"174",7.4,0.62,0.05,1.9,0.068,24,42,0.9961,3.42,0.57,11.5,NA
"177",7.3,0.38,0.21,2,0.08,7,35,0.9961,3.33,0.47,9.5,NA
"183",7.2,0.73,0.02,2.5,0.076,16,42,0.9972,3.44,0.52,9.3,NA
"185",6.7,0.62,0.21,1.9,0.079,8,62,0.997,3.52,0.58,9.3,NA
"186",8.9,0.31,0.57,2,0.111,26,85,0.9971,3.26,0.53,9.7,NA
"190",7.9,0.49,0.32,1.9,0.082,17,144,0.9968,3.2,0.55,9.5,NA
"191",8.2,0.5,0.35,2.9,0.077,21,127,0.9976,3.23,0.62,9.4,NA
"192",6.4,0.37,0.25,1.9,0.074,21,49,0.9974,3.57,0.62,9.8,NA
"193",6.8,0.63,0.12,3.8,0.099,16,126,0.9969,3.28,0.61,9.5,NA
"194",7.6,0.55,0.21,2.2,0.071,7,28,0.9964,3.28,0.55,9.7,NA
"196",7.8,0.59,0.33,2,0.074,24,120,0.9968,3.25,0.54,9.4,NA
"198",11.5,0.3,0.6,2,0.067,12,27,0.9981,3.11,0.97,10.1,NA
"199",5.4,0.835,0.08,1.2,0.046,13,93,0.9924,3.57,0.85,13,NA
"200",6.9,1.09,0.06,2.1,0.061,12,31,0.9948,3.51,0.43,11.4,NA
"203",6.8,0.5,0.11,1.5,0.075,16,49,0.99545,3.36,0.79,9.5,NA
"205",7,0.43,0.36,1.6,0.089,14,37,0.99615,3.34,0.56,9.2,NA
"207",12.8,0.3,0.74,2.6,0.095,9,28,0.9994,3.2,0.77,10.8,NA
"208",7.8,0.57,0.31,1.8,0.069,26,120,0.99625,3.29,0.53,9.3,NA
"209",7.8,0.44,0.28,2.7,0.1,18,95,0.9966,3.22,0.67,9.4,NA
"211",9.7,0.53,0.6,2,0.039,5,19,0.99585,3.3,0.86,12.4,NA
"213",11.6,0.44,0.64,2.1,0.059,5,15,0.998,3.21,0.67,10.2,NA
"214",8.2,0.57,0.26,2.2,0.06,28,65,0.9959,3.3,0.43,10.1,NA
"215",7.8,0.735,0.08,2.4,0.092,10,41,0.9974,3.24,0.71,9.8,NA
"216",7,0.49,0.49,5.6,0.06,26,121,0.9974,3.34,0.76,10.5,NA
"217",8.7,0.625,0.16,2,0.101,13,49,0.9962,3.14,0.57,11,NA
"219",7.5,0.49,0.19,1.9,0.076,10,44,0.9957,3.39,0.54,9.7,NA
"220",7.8,0.53,0.33,2.4,0.08,24,144,0.99655,3.3,0.6,9.5,NA
"221",7.8,0.34,0.37,2,0.082,24,58,0.9964,3.34,0.59,9.4,NA
"223",6.8,0.61,0.04,1.5,0.057,5,10,0.99525,3.42,0.6,9.5,NA
"224",8.6,0.645,0.25,2,0.083,8,28,0.99815,3.28,0.6,10,NA
"227",8.9,0.59,0.5,2,0.337,27,81,0.9964,3.04,1.61,9.5,NA
"229",7.7,0.43,0.25,2.6,0.073,29,63,0.99615,3.37,0.58,10.5,NA
"230",6.9,0.52,0.25,2.6,0.081,10,37,0.99685,3.46,0.5,11,NA
"231",5.2,0.48,0.04,1.6,0.054,19,106,0.9927,3.54,0.62,12.2,NA
"232",8,0.38,0.06,1.8,0.078,12,49,0.99625,3.37,0.52,9.9,NA
"234",6.9,0.52,0.25,2.6,0.081,10,37,0.99685,3.46,0.5,11,NA
"235",8.2,1,0.09,2.3,0.065,7,37,0.99685,3.32,0.55,9,NA
"239",7.2,0.63,0,1.9,0.097,14,38,0.99675,3.37,0.58,9,NA
"241",8.9,0.635,0.37,1.7,0.263,5,62,0.9971,3,1.09,9.3,NA
"243",7.7,0.58,0.1,1.8,0.102,28,109,0.99565,3.08,0.49,9.8,NA
"244",15,0.21,0.44,2.2,0.075,10,24,1.00005,3.07,0.84,9.2,NA
"245",15,0.21,0.44,2.2,0.075,10,24,1.00005,3.07,0.84,9.2,NA
"246",7.3,0.66,0,2,0.084,6,23,0.9983,3.61,0.96,9.9,NA
"247",7.1,0.68,0.07,1.9,0.075,16,51,0.99685,3.38,0.52,9.5,NA
"248",8.2,0.6,0.17,2.3,0.072,11,73,0.9963,3.2,0.45,9.3,NA
"249",7.7,0.53,0.06,1.7,0.074,9,39,0.99615,3.35,0.48,9.8,NA
"251",10.8,0.32,0.44,1.6,0.063,16,37,0.9985,3.22,0.78,10,NA
"253",11.1,0.35,0.48,3.1,0.09,5,21,0.9986,3.17,0.53,10.5,NA
"255",7.1,0.6,0,1.8,0.074,16,34,0.9972,3.47,0.7,9.9,NA
"257",9.4,0.34,0.37,2.2,0.075,5,13,0.998,3.22,0.62,9.2,NA
"258",6.6,0.695,0,2.1,0.075,12,56,0.9968,3.49,0.67,9.2,NA
"260",10,0.31,0.47,2.6,0.085,14,33,0.99965,3.36,0.8,10.5,NA
"261",7.9,0.33,0.23,1.7,0.077,18,45,0.99625,3.29,0.65,9.3,NA
"263",8,0.52,0.03,1.7,0.07,10,35,0.99575,3.34,0.57,10,NA
"265",12.5,0.56,0.49,2.4,0.064,5,27,0.9999,3.08,0.87,10.9,NA
"270",11.5,0.18,0.51,4,0.104,4,23,0.9996,3.28,0.97,10.1,NA
"272",11.5,0.18,0.51,4,0.104,4,23,0.9996,3.28,0.97,10.1,NA
"276",7.9,0.545,0.06,4,0.087,27,61,0.9965,3.36,0.67,10.7,NA
"277",6.9,0.54,0.04,3,0.077,7,27,0.9987,3.69,0.91,9.4,NA
"278",11.5,0.18,0.51,4,0.104,4,23,0.9996,3.28,0.97,10.1,NA
"279",10.3,0.32,0.45,6.4,0.073,5,13,0.9976,3.23,0.82,12.6,NA
"282",7.7,0.27,0.68,3.5,0.358,5,10,0.9972,3.25,1.08,9.9,NA
"283",7.6,0.52,0.12,3,0.067,12,53,0.9971,3.36,0.57,9.1,NA
"285",9.9,0.59,0.07,3.4,0.102,32,71,1.00015,3.31,0.71,9.8,NA
"286",9.9,0.59,0.07,3.4,0.102,32,71,1.00015,3.31,0.71,9.8,NA
"287",12,0.45,0.55,2,0.073,25,49,0.9997,3.1,0.76,10.3,NA
"289",8.7,0.52,0.09,2.5,0.091,20,49,0.9976,3.34,0.86,10.6,NA
"290",11.6,0.42,0.53,3.3,0.105,33,98,1.001,3.2,0.95,9.2,NA
"291",8.7,0.52,0.09,2.5,0.091,20,49,0.9976,3.34,0.86,10.6,NA
"293",10.4,0.55,0.23,2.7,0.091,18,48,0.9994,3.22,0.64,10.3,NA
"297",10.6,0.83,0.37,2.6,0.086,26,70,0.9981,3.16,0.52,9.9,NA
"300",6.9,0.67,0.06,2.1,0.08,8,33,0.99845,3.68,0.71,9.6,NA
"301",7.5,0.53,0.06,2.6,0.086,20,44,0.9965,3.38,0.59,10.7,NA
"302",11.1,0.18,0.48,1.5,0.068,7,15,0.9973,3.22,0.64,10.1,NA
"303",8.3,0.705,0.12,2.6,0.092,12,28,0.9994,3.51,0.72,10,NA
"305",8.4,0.65,0.6,2.1,0.112,12,90,0.9973,3.2,0.52,9.2,NA
"306",10.3,0.53,0.48,2.5,0.063,6,25,0.9998,3.12,0.59,9.3,NA
"307",7.6,0.62,0.32,2.2,0.082,7,54,0.9966,3.36,0.52,9.4,NA
"308",10.3,0.41,0.42,2.4,0.213,6,14,0.9994,3.19,0.62,9.5,NA
"309",10.3,0.43,0.44,2.4,0.214,5,12,0.9994,3.19,0.63,9.5,NA
"310",7.4,0.29,0.38,1.7,0.062,9,30,0.9968,3.41,0.53,9.5,NA
"312",7.9,0.53,0.24,2,0.072,15,105,0.996,3.27,0.54,9.4,NA
"313",9,0.46,0.31,2.8,0.093,19,98,0.99815,3.32,0.63,9.5,NA
"315",7.4,0.36,0.29,2.6,0.087,26,72,0.99645,3.39,0.68,11,NA
"316",7.1,0.35,0.29,2.5,0.096,20,53,0.9962,3.42,0.65,11,NA
"319",9.8,0.66,0.39,3.2,0.083,21,59,0.9989,3.37,0.71,11.5,NA
"320",9.6,0.77,0.12,2.9,0.082,30,74,0.99865,3.3,0.64,10.4,NA
"322",9.3,0.61,0.26,3.4,0.09,25,87,0.99975,3.24,0.62,9.7,NA
"323",7.8,0.62,0.05,2.3,0.079,6,18,0.99735,3.29,0.63,9.3,NA
"324",10.3,0.59,0.42,2.8,0.09,35,73,0.999,3.28,0.7,9.5,NA
"326",10,0.49,0.2,11,0.071,13,50,1.0015,3.16,0.69,9.2,NA
"327",11.6,0.53,0.66,3.65,0.121,6,14,0.9978,3.05,0.74,11.5,NA
"328",10.3,0.44,0.5,4.5,0.107,5,13,0.998,3.28,0.83,11.5,NA
"329",13.4,0.27,0.62,2.6,0.082,6,21,1.0002,3.16,0.67,9.7,NA
"333",8,0.58,0.28,3.2,0.066,21,114,0.9973,3.22,0.54,9.4,NA
"334",8.4,0.56,0.08,2.1,0.105,16,44,0.9958,3.13,0.52,11,NA
"336",11.9,0.695,0.53,3.4,0.128,7,21,0.9992,3.17,0.84,12.2,NA
"338",7.8,0.43,0.32,2.8,0.08,29,58,0.9974,3.31,0.64,10.3,NA
"339",12.4,0.49,0.58,3,0.103,28,99,1.0008,3.16,1,11.5,NA
"340",12.5,0.28,0.54,2.3,0.082,12,29,0.9997,3.11,1.36,9.8,NA
"342",10.6,0.42,0.48,2.7,0.065,5,18,0.9972,3.21,0.87,11.3,NA
"343",10.9,0.39,0.47,1.8,0.118,6,14,0.9982,3.3,0.75,9.8,NA
"344",10.9,0.39,0.47,1.8,0.118,6,14,0.9982,3.3,0.75,9.8,NA
"345",11.9,0.57,0.5,2.6,0.082,6,32,1.0006,3.12,0.78,10.7,NA
"347",6.6,0.815,0.02,2.7,0.072,17,34,0.9955,3.58,0.89,12.3,NA
"349",9.6,0.56,0.31,2.8,0.089,15,46,0.9979,3.11,0.92,10,NA
"350",9.1,0.785,0,2.6,0.093,11,28,0.9994,3.36,0.86,9.4,NA
"351",10.7,0.67,0.22,2.7,0.107,17,34,1.0004,3.28,0.98,9.9,NA
"352",9.1,0.795,0,2.6,0.096,11,26,0.9994,3.35,0.83,9.4,NA
"357",11.5,0.41,0.52,3,0.08,29,55,1.0001,3.26,0.88,11,NA
"358",10.5,0.42,0.66,2.95,0.116,12,29,0.997,3.24,0.75,11.7,NA
"359",11.9,0.43,0.66,3.1,0.109,10,23,1,3.15,0.85,10.4,NA
"360",12.6,0.38,0.66,2.6,0.088,10,41,1.001,3.17,0.68,9.8,NA
"362",8.6,0.45,0.31,2.6,0.086,21,50,0.9982,3.37,0.91,9.9,NA
"364",12.5,0.46,0.63,2,0.071,6,15,0.9988,2.99,0.87,10.2,NA
"365",12.8,0.615,0.66,5.8,0.083,7,42,1.0022,3.07,0.73,10,NA
"366",10,0.42,0.5,3.4,0.107,7,21,0.9979,3.26,0.93,11.8,NA
"367",12.8,0.615,0.66,5.8,0.083,7,42,1.0022,3.07,0.73,10,NA
"368",10.4,0.575,0.61,2.6,0.076,11,24,1,3.16,0.69,9,NA
"370",9.4,0.27,0.53,2.4,0.074,6,18,0.9962,3.2,1.13,12,NA
"373",9.1,0.28,0.48,1.8,0.067,26,46,0.9967,3.32,1.04,10.6,NA
"380",8.3,0.42,0.38,2.5,0.094,24,60,0.9979,3.31,0.7,10.8,NA
"381",8.3,0.26,0.42,2,0.08,11,27,0.9974,3.21,0.8,9.4,NA
"382",13.7,0.415,0.68,2.9,0.085,17,43,1.0014,3.06,0.8,10,NA
"383",8.3,0.26,0.42,2,0.08,11,27,0.9974,3.21,0.8,9.4,NA
"384",8.3,0.26,0.42,2,0.08,11,27,0.9974,3.21,0.8,9.4,NA
"385",7.7,0.51,0.28,2.1,0.087,23,54,0.998,3.42,0.74,9.2,NA
"386",7.4,0.63,0.07,2.4,0.09,11,37,0.9979,3.43,0.76,9.7,NA
"388",8.3,0.66,0.15,1.9,0.079,17,42,0.9972,3.31,0.54,9.6,NA
"389",7.8,0.46,0.26,1.9,0.088,23,53,0.9981,3.43,0.74,9.2,NA
"392",13.7,0.415,0.68,2.9,0.085,17,43,1.0014,3.06,0.8,10,NA
"393",9.5,0.37,0.52,2,0.082,6,26,0.998,3.18,0.51,9.5,NA
"395",12.7,0.6,0.65,2.3,0.063,6,25,0.9997,3.03,0.57,9.9,NA
"396",12,0.37,0.76,4.2,0.066,7,38,1.0004,3.22,0.6,13,NA
"397",6.6,0.735,0.02,7.9,0.122,68,124,0.9994,3.47,0.53,9.9,NA
"399",11.5,0.59,0.59,2.6,0.087,13,49,0.9988,3.18,0.65,11,NA
"400",8.7,0.765,0.22,2.3,0.064,9,42,0.9963,3.1,0.55,9.4,NA
"401",6.6,0.735,0.02,7.9,0.122,68,124,0.9994,3.47,0.53,9.9,NA
"403",12.2,0.48,0.54,2.6,0.085,19,64,1,3.1,0.61,10.5,NA
"404",11.4,0.6,0.49,2.7,0.085,10,41,0.9994,3.15,0.63,10.5,NA
"405",7.7,0.69,0.05,2.7,0.075,15,27,0.9974,3.26,0.61,9.1,NA
"407",9.8,0.44,0.47,2.5,0.063,9,28,0.9981,3.24,0.65,10.8,NA
"408",12,0.39,0.66,3,0.093,12,30,0.9996,3.18,0.63,10.8,NA
"409",10.4,0.34,0.58,3.7,0.174,6,16,0.997,3.19,0.7,11.3,NA
"411",9,0.43,0.34,2.5,0.08,26,86,0.9987,3.38,0.62,9.5,NA
"413",7.1,0.735,0.16,1.9,0.1,15,77,0.9966,3.27,0.64,9.3,NA
"414",9.9,0.4,0.53,6.7,0.097,6,19,0.9986,3.27,0.82,11.7,NA
"416",8.6,0.725,0.24,6.6,0.117,31,134,1.0014,3.32,1.07,9.3,NA
"417",10.6,0.48,0.64,2.2,0.111,6,20,0.997,3.26,0.66,11.7,NA
"419",11.9,0.38,0.51,2,0.121,7,20,0.9996,3.24,0.76,10.4,NA
"421",9.5,0.56,0.33,2.4,0.089,35,67,0.9972,3.28,0.73,11.8,NA
"422",6.6,0.84,0.03,2.3,0.059,32,48,0.9952,3.52,0.56,12.3,NA
"423",7.7,0.96,0.2,2,0.047,15,60,0.9955,3.36,0.44,10.9,NA
"424",10.5,0.24,0.47,2.1,0.066,6,24,0.9978,3.15,0.9,11,NA
"428",9.5,0.78,0.22,1.9,0.077,6,32,0.9988,3.26,0.56,10.6,NA
"429",9.1,0.52,0.33,1.3,0.07,9,30,0.9978,3.24,0.6,9.3,NA
"430",12.8,0.84,0.63,2.4,0.088,13,35,0.9997,3.1,0.6,10.4,NA
"431",10.5,0.24,0.47,2.1,0.066,6,24,0.9978,3.15,0.9,11,NA
"432",7.8,0.55,0.35,2.2,0.074,21,66,0.9974,3.25,0.56,9.2,NA
"434",12.3,0.39,0.63,2.3,0.091,6,18,1.0004,3.16,0.49,9.5,NA
"435",10.4,0.41,0.55,3.2,0.076,22,54,0.9996,3.15,0.89,9.9,NA
"436",12.3,0.39,0.63,2.3,0.091,6,18,1.0004,3.16,0.49,9.5,NA
"437",8,0.67,0.3,2,0.06,38,62,0.9958,3.26,0.56,10.2,NA
"439",10.4,0.41,0.55,3.2,0.076,22,54,0.9996,3.15,0.89,9.9,NA
"440",7,0.62,0.18,1.5,0.062,7,50,0.9951,3.08,0.6,9.3,NA
"441",12.6,0.31,0.72,2.2,0.072,6,29,0.9987,2.88,0.82,9.8,NA
"445",5.3,0.57,0.01,1.7,0.054,5,27,0.9934,3.57,0.84,12.5,NA
"446",9.5,0.735,0.1,2.1,0.079,6,31,0.9986,3.23,0.56,10.1,NA
"447",12.5,0.38,0.6,2.6,0.081,31,72,0.9996,3.1,0.73,10.5,NA
"448",9.3,0.48,0.29,2.1,0.127,6,16,0.9968,3.22,0.72,11.2,NA
"449",8.6,0.53,0.22,2,0.1,7,27,0.9967,3.2,0.56,10.2,NA
"450",11.9,0.39,0.69,2.8,0.095,17,35,0.9994,3.1,0.61,10.8,NA
"451",11.9,0.39,0.69,2.8,0.095,17,35,0.9994,3.1,0.61,10.8,NA
"452",8.4,0.37,0.53,1.8,0.413,9,26,0.9979,3.06,1.06,9.1,NA
"453",6.8,0.56,0.03,1.7,0.084,18,35,0.9968,3.44,0.63,10,NA
"455",7,0.23,0.4,1.6,0.063,21,67,0.9952,3.5,0.63,11.1,NA
"456",11.3,0.62,0.67,5.2,0.086,6,19,0.9988,3.22,0.69,13.4,NA
"462",8.3,0.615,0.22,2.6,0.087,6,19,0.9982,3.26,0.61,9.3,NA
"465",11.5,0.315,0.54,2.1,0.084,5,15,0.9987,2.98,0.7,9.2,NA
"466",10,0.29,0.4,2.9,0.098,10,26,1.0006,3.48,0.91,9.7,NA
"467",10.3,0.5,0.42,2,0.069,21,51,0.9982,3.16,0.72,11.5,NA
"468",8.8,0.46,0.45,2.6,0.065,7,18,0.9947,3.32,0.79,14,NA
"469",11.4,0.36,0.69,2.1,0.09,6,21,1,3.17,0.62,9.2,NA
"470",8.7,0.82,0.02,1.2,0.07,36,48,0.9952,3.2,0.58,9.8,NA
"472",9.6,0.54,0.42,2.4,0.081,25,52,0.997,3.2,0.71,11.4,NA
"475",10.5,0.28,0.51,1.7,0.08,10,24,0.9982,3.2,0.89,9.4,NA
"476",9.6,0.68,0.24,2.2,0.087,5,28,0.9988,3.14,0.6,10.2,NA
"477",9.3,0.27,0.41,2,0.091,6,16,0.998,3.28,0.7,9.7,NA
"479",9.6,0.68,0.24,2.2,0.087,5,28,0.9988,3.14,0.6,10.2,NA
"484",10.6,0.36,0.6,2.2,0.152,7,18,0.9986,3.04,1.06,9.4,NA
"486",10.2,0.67,0.39,1.9,0.054,6,17,0.9976,3.17,0.47,10,NA
"488",10.2,0.645,0.36,1.8,0.053,5,14,0.9982,3.17,0.42,10,NA
"494",8.7,0.69,0.31,3,0.086,23,81,1.0002,3.48,0.74,11.6,NA
"495",6.5,0.39,0.23,8.3,0.051,28,91,0.9952,3.44,0.55,12.1,NA
"498",7.2,0.34,0.32,2.5,0.09,43,113,0.9966,3.32,0.79,11.1,NA
"499",10.7,0.35,0.53,2.6,0.07,5,16,0.9972,3.15,0.65,11,NA
"500",8.7,0.69,0.31,3,0.086,23,81,1.0002,3.48,0.74,11.6,NA
"501",7.8,0.52,0.25,1.9,0.081,14,38,0.9984,3.43,0.65,9,NA
"502",10.4,0.44,0.73,6.55,0.074,38,76,0.999,3.17,0.85,12,NA
"505",10.5,0.24,0.42,1.8,0.077,6,22,0.9976,3.21,1.05,10.8,NA
"507",10.4,0.24,0.46,1.8,0.075,6,21,0.9976,3.25,1.02,10.8,NA
"508",11.2,0.67,0.55,2.3,0.084,6,13,1,3.17,0.71,9.5,NA
"509",10,0.59,0.31,2.2,0.09,26,62,0.9994,3.18,0.63,10.2,NA
"510",13.3,0.29,0.75,2.8,0.084,23,43,0.9986,3.04,0.68,11.4,NA
"513",10.7,0.4,0.48,2.1,0.125,15,49,0.998,3.03,0.81,9.7,NA
"515",10.5,0.51,0.64,2.4,0.107,6,15,0.9973,3.09,0.66,11.8,NA
"518",10.4,0.61,0.49,2.1,0.2,5,16,0.9994,3.16,0.63,8.4,NA
"519",10.9,0.21,0.49,2.8,0.088,11,32,0.9972,3.22,0.68,11.7,NA
"523",8.2,0.39,0.49,2.3,0.099,47,133,0.9979,3.38,0.99,9.8,NA
"524",9.3,0.4,0.49,2.5,0.085,38,142,0.9978,3.22,0.55,9.4,NA
"525",9.2,0.43,0.49,2.4,0.086,23,116,0.9976,3.23,0.64,9.5,NA
"533",11.9,0.38,0.49,2.7,0.098,12,42,1.0004,3.16,0.61,10.3,NA
"534",10.3,0.27,0.24,2.1,0.072,15,33,0.9956,3.22,0.66,12.8,NA
"535",10,0.48,0.24,2.7,0.102,13,32,1,3.28,0.56,10,NA
"538",8.1,0.825,0.24,2.1,0.084,5,13,0.9972,3.37,0.77,10.7,NA
"541",9.2,0.59,0.24,3.3,0.101,20,47,0.9988,3.26,0.67,9.6,NA
"544",11.2,0.66,0.24,2.5,0.085,16,53,0.9993,3.06,0.72,11,NA
"545",14.3,0.31,0.74,1.8,0.075,6,15,1.0008,2.86,0.79,8.4,NA
"548",10.6,0.31,0.49,2.5,0.067,6,21,0.9987,3.26,0.86,10.7,NA
"549",12.4,0.35,0.49,2.6,0.079,27,69,0.9994,3.12,0.75,10.4,NA
"551",6.8,0.51,0.01,2.1,0.074,9,25,0.9958,3.33,0.56,9.5,NA
"552",9.4,0.43,0.24,2.8,0.092,14,45,0.998,3.19,0.73,10,NA
"553",9.5,0.46,0.24,2.7,0.092,14,44,0.998,3.12,0.74,10,NA
"555",15.5,0.645,0.49,4.2,0.095,10,23,1.00315,2.92,0.74,11.1,NA
"556",15.5,0.645,0.49,4.2,0.095,10,23,1.00315,2.92,0.74,11.1,NA
"557",10.9,0.53,0.49,4.6,0.118,10,17,1.0002,3.07,0.56,11.7,NA
"558",15.6,0.645,0.49,4.2,0.095,10,23,1.00315,2.92,0.74,11.1,NA
"559",10.9,0.53,0.49,4.6,0.118,10,17,1.0002,3.07,0.56,11.7,NA
"560",13,0.47,0.49,4.3,0.085,6,47,1.0021,3.3,0.68,12.7,NA
"562",9,0.44,0.49,2.4,0.078,26,121,0.9978,3.23,0.58,9.2,NA
"563",9,0.54,0.49,2.9,0.094,41,110,0.9982,3.08,0.61,9.2,NA
"564",7.6,0.29,0.49,2.7,0.092,25,60,0.9971,3.31,0.61,10.1,NA
"565",13,0.47,0.49,4.3,0.085,6,47,1.0021,3.3,0.68,12.7,NA
"567",8.7,0.7,0.24,2.5,0.226,5,15,0.9991,3.32,0.6,9,NA
"568",8.7,0.7,0.24,2.5,0.226,5,15,0.9991,3.32,0.6,9,NA
"570",6.2,0.36,0.24,2.2,0.095,19,42,0.9946,3.57,0.57,11.7,NA
"571",11.5,0.35,0.49,3.3,0.07,10,37,1.0003,3.32,0.91,11,NA
"572",6.2,0.36,0.24,2.2,0.095,19,42,0.9946,3.57,0.57,11.7,NA
"574",10.5,0.59,0.49,2.1,0.07,14,47,0.9991,3.3,0.56,9.6,NA
"575",10.6,0.34,0.49,3.2,0.078,20,78,0.9992,3.19,0.7,10,NA
"576",12.3,0.27,0.49,3.1,0.079,28,46,0.9993,3.2,0.8,10.2,NA
"577",9.9,0.5,0.24,2.3,0.103,6,14,0.9978,3.34,0.52,10,NA
"578",8.8,0.44,0.49,2.8,0.083,18,111,0.9982,3.3,0.6,9.5,NA
"579",8.8,0.47,0.49,2.9,0.085,17,110,0.9982,3.29,0.6,9.8,NA
"580",10.6,0.31,0.49,2.2,0.063,18,40,0.9976,3.14,0.51,9.8,NA
"581",12.3,0.5,0.49,2.2,0.089,5,14,1.0002,3.19,0.44,9.6,NA
"582",12.3,0.5,0.49,2.2,0.089,5,14,1.0002,3.19,0.44,9.6,NA
"583",11.7,0.49,0.49,2.2,0.083,5,15,1,3.19,0.43,9.2,NA
"585",11.8,0.33,0.49,3.4,0.093,54,80,1.0002,3.3,0.76,10.7,NA
"586",7.6,0.51,0.24,2.4,0.091,8,38,0.998,3.47,0.66,9.6,NA
"587",11.1,0.31,0.49,2.7,0.094,16,47,0.9986,3.12,1.02,10.6,NA
"588",7.3,0.73,0.24,1.9,0.108,18,102,0.9967,3.26,0.59,9.3,NA
"591",9,0.45,0.49,2.6,0.084,21,75,0.9987,3.35,0.57,9.7,NA
"593",9,0.45,0.49,2.6,0.084,21,75,0.9987,3.35,0.57,9.7,NA
"594",9.9,0.49,0.58,3.5,0.094,9,43,1.0004,3.29,0.58,9,NA
"595",7.9,0.72,0.17,2.6,0.096,20,38,0.9978,3.4,0.53,9.5,NA
"596",8.9,0.595,0.41,7.9,0.086,30,109,0.9998,3.27,0.57,9.3,NA
"597",12.4,0.4,0.51,2,0.059,6,24,0.9994,3.04,0.6,9.3,NA
"598",11.9,0.58,0.58,1.9,0.071,5,18,0.998,3.09,0.63,10,NA
"599",8.5,0.585,0.18,2.1,0.078,5,30,0.9967,3.2,0.48,9.8,NA
"600",12.7,0.59,0.45,2.3,0.082,11,22,1,3,0.7,9.3,NA
"602",13.2,0.46,0.52,2.2,0.071,12,35,1.0006,3.1,0.56,9,NA
"604",13.2,0.46,0.52,2.2,0.071,12,35,1.0006,3.1,0.56,9,NA
"608",8.8,0.48,0.41,3.3,0.092,26,52,0.9982,3.31,0.53,10.5,NA
"609",10.1,0.65,0.37,5.1,0.11,11,65,1.0026,3.32,0.64,10.4,NA
"610",6.3,0.36,0.19,3.2,0.075,15,39,0.9956,3.56,0.52,12.7,NA
"611",8.8,0.24,0.54,2.5,0.083,25,57,0.9983,3.39,0.54,9.2,NA
"612",13.2,0.38,0.55,2.7,0.081,5,16,1.0006,2.98,0.54,9.4,NA
"613",7.5,0.64,0,2.4,0.077,18,29,0.9965,3.32,0.6,10,NA
"616",9.6,0.6,0.5,2.3,0.079,28,71,0.9997,3.5,0.57,9.7,NA
"617",9.6,0.6,0.5,2.3,0.079,28,71,0.9997,3.5,0.57,9.7,NA
"624",7.9,0.51,0.25,2.9,0.077,21,45,0.9974,3.49,0.96,12.1,NA
"628",8.8,0.6,0.29,2.2,0.098,5,15,0.9988,3.36,0.49,9.1,NA
"629",8.7,0.54,0.26,2.5,0.097,7,31,0.9976,3.27,0.6,9.3,NA
"631",8.7,0.54,0.26,2.5,0.097,7,31,0.9976,3.27,0.6,9.3,NA
"632",10.4,0.28,0.54,2.7,0.105,5,19,0.9988,3.25,0.63,9.5,NA
"633",7.6,0.41,0.14,3,0.087,21,43,0.9964,3.32,0.57,10.5,NA
"635",7.9,0.35,0.21,1.9,0.073,46,102,0.9964,3.27,0.58,9.5,NA
"639",7.7,0.915,0.12,2.2,0.143,7,23,0.9964,3.35,0.65,10.2,NA
"641",9.9,0.54,0.45,2.3,0.071,16,40,0.9991,3.39,0.62,9.4,NA
"642",9.5,0.59,0.44,2.3,0.071,21,68,0.9992,3.46,0.63,9.5,NA
"643",9.9,0.54,0.45,2.3,0.071,16,40,0.9991,3.39,0.62,9.4,NA
"644",9.5,0.59,0.44,2.3,0.071,21,68,0.9992,3.46,0.63,9.5,NA
"648",8.3,0.845,0.01,2.2,0.07,5,14,0.9967,3.32,0.58,11,NA
"651",10.7,0.43,0.39,2.2,0.106,8,32,0.9986,2.89,0.5,9.6,NA
"652",9.8,0.88,0.25,2.5,0.104,35,155,1.001,3.41,0.67,11.2,NA
"655",8.6,0.47,0.47,2.4,0.074,7,29,0.9979,3.08,0.46,9.5,NA
"656",9.7,0.55,0.17,2.9,0.087,20,53,1.0004,3.14,0.61,9.4,NA
"657",10.7,0.43,0.39,2.2,0.106,8,32,0.9986,2.89,0.5,9.6,NA
"658",12,0.5,0.59,1.4,0.073,23,42,0.998,2.92,0.68,10.5,NA
"661",7.2,0.52,0.07,1.4,0.074,5,20,0.9973,3.32,0.81,9.6,NA
"663",7.2,0.57,0.06,1.6,0.076,9,27,0.9972,3.36,0.7,9.6,NA
"665",12.1,0.4,0.52,2,0.092,15,54,1,3.03,0.66,10.2,NA
"667",8.3,0.49,0.36,1.8,0.222,6,16,0.998,3.18,0.6,9.5,NA
"672",8.2,0.73,0.21,1.7,0.074,5,13,0.9968,3.2,0.52,9.5,NA
"673",9.8,1.24,0.34,2,0.079,32,151,0.998,3.15,0.53,9.5,NA
"675",10.8,0.4,0.41,2.2,0.084,7,17,0.9984,3.08,0.67,9.3,NA
"676",9.3,0.41,0.39,2.2,0.064,12,31,0.9984,3.26,0.65,10.2,NA
"679",8.3,0.78,0.1,2.6,0.081,45,87,0.9983,3.48,0.53,10,NA
"680",10.8,0.26,0.45,3.3,0.06,20,49,0.9972,3.13,0.54,9.6,NA
"681",13.3,0.43,0.58,1.9,0.07,15,40,1.0004,3.06,0.49,9,NA
"686",8.1,0.78,0.23,2.6,0.059,5,15,0.997,3.37,0.56,11.3,NA
"687",7.1,0.65,0.18,1.8,0.07,13,40,0.997,3.44,0.6,9.1,NA
"690",8.1,0.38,0.48,1.8,0.157,5,17,0.9976,3.3,1.05,9.4,NA
"692",9.2,0.92,0.24,2.6,0.087,12,93,0.9998,3.48,0.54,9.8,NA
"693",8.6,0.49,0.51,2,0.422,16,62,0.9979,3.03,1.17,9,NA
"695",9,0.47,0.31,2.7,0.084,24,125,0.9984,3.31,0.61,9.4,NA
"696",5.1,0.47,0.02,1.3,0.034,18,44,0.9921,3.9,0.62,12.8,NA
"700",11.8,0.38,0.55,2.1,0.071,5,19,0.9986,3.11,0.62,10.8,NA
"701",10.6,1.02,0.43,2.9,0.076,26,88,0.9984,3.08,0.57,10.1,NA
"704",7.5,0.38,0.48,2.6,0.073,22,84,0.9972,3.32,0.7,9.6,NA
"709",7.8,0.545,0.12,2.5,0.068,11,35,0.996,3.34,0.61,11.6,NA
"711",10.6,1.025,0.43,2.8,0.08,21,84,0.9985,3.06,0.57,10.1,NA
"713",8.7,0.69,0,3.2,0.084,13,33,0.9992,3.36,0.45,9.4,NA
"714",8,0.43,0.36,2.3,0.075,10,48,0.9976,3.34,0.46,9.4,NA
"716",7.2,0.49,0.18,2.7,0.069,13,34,0.9967,3.29,0.48,9.2,NA
"717",8,0.43,0.36,2.3,0.075,10,48,0.9976,3.34,0.46,9.4,NA
"718",7.6,0.46,0.11,2.6,0.079,12,49,0.9968,3.21,0.57,10,NA
"721",8.4,0.56,0.04,2,0.082,10,22,0.9976,3.22,0.44,9.6,NA
"723",7.6,0.42,0.08,2.7,0.084,15,48,0.9968,3.21,0.59,10,NA
"725",7.5,1.115,0.1,3.1,0.086,5,12,0.9958,3.54,0.6,11.2,NA
"728",6.4,0.57,0.02,1.8,0.067,4,11,0.997,3.46,0.68,9.5,NA
"729",6.4,0.57,0.02,1.8,0.067,4,11,0.997,3.46,0.68,9.5,NA
"730",6.4,0.865,0.03,3.2,0.071,27,58,0.995,3.61,0.49,12.7,NA
"734",7,0.45,0.34,2.7,0.082,16,72,0.998,3.55,0.6,9.5,NA
"735",7.7,0.56,0.2,2,0.075,9,39,0.9987,3.48,0.62,9.3,NA
"736",7.7,0.965,0.1,2.1,0.112,11,22,0.9963,3.26,0.5,9.5,NA
"737",7.7,0.965,0.1,2.1,0.112,11,22,0.9963,3.26,0.5,9.5,NA
"739",9,0.46,0.23,2.8,0.092,28,104,0.9983,3.1,0.56,9.2,NA
"740",9,0.69,0,2.4,0.088,19,38,0.999,3.35,0.6,9.3,NA
"742",9.2,0.53,0.24,2.6,0.078,28,139,0.99788,3.21,0.57,9.5,NA
"744",11.6,0.41,0.58,2.8,0.096,25,101,1.00024,3.13,0.53,10,NA
"745",11.1,0.39,0.54,2.7,0.095,21,101,1.0001,3.13,0.51,9.5,NA
"748",8.6,0.33,0.4,2.6,0.083,16,68,0.99782,3.3,0.48,9.4,NA
"749",7.2,0.5,0.18,2.1,0.071,12,31,0.99761,3.52,0.72,9.6,NA
"750",7.3,0.51,0.18,2.1,0.07,12,28,0.99768,3.52,0.73,9.5,NA
"759",8.1,0.87,0,2.2,0.084,10,31,0.99656,3.25,0.5,9.8,NA
"761",9,0.58,0.25,2.8,0.075,9,104,0.99779,3.23,0.57,9.7,NA
"763",8.8,0.7,0,1.7,0.069,8,19,0.99701,3.31,0.53,10,NA
"766",9.2,0.67,0.1,3,0.091,12,48,0.99888,3.31,0.54,9.5,NA
"768",7.5,0.6,0.32,2.7,0.103,13,98,0.99938,3.45,0.62,9.5,NA
"769",7.1,0.59,0.02,2.3,0.082,24,94,0.99744,3.55,0.53,9.7,NA
"772",9.4,0.685,0.26,2.4,0.082,23,143,0.9978,3.28,0.55,9.4,NA
"775",7.9,0.4,0.3,1.8,0.157,2,45,0.99727,3.31,0.91,9.5,NA
"776",7.2,1,0,3,0.102,7,16,0.99586,3.43,0.46,10,NA
"777",6.9,0.765,0.18,2.4,0.243,5.5,48,0.99612,3.4,0.6,10.3,NA
"779",8.3,0.43,0.3,3.4,0.079,7,34,0.99788,3.36,0.61,10.5,NA
"780",7.1,0.52,0.03,2.6,0.076,21,92,0.99745,3.5,0.6,9.8,NA
"782",6.5,0.46,0.14,2.4,0.114,9,37,0.99732,3.66,0.65,9.8,NA
"784",6.5,0.46,0.14,2.4,0.114,9,37,0.99732,3.66,0.65,9.8,NA
"785",7.1,0.59,0.01,2.5,0.077,20,85,0.99746,3.55,0.59,9.8,NA
"786",9.9,0.35,0.41,2.3,0.083,11,61,0.9982,3.21,0.5,9.5,NA
"787",9.9,0.35,0.41,2.3,0.083,11,61,0.9982,3.21,0.5,9.5,NA
"792",8.8,0.64,0.17,2.9,0.084,25,130,0.99818,3.23,0.54,9.6,NA
"793",7.1,0.61,0.02,2.5,0.081,17,87,0.99745,3.48,0.6,9.7,NA
"794",7.7,0.6,0,2.6,0.055,7,13,0.99639,3.38,0.56,10.8,NA
"795",10.1,0.27,0.54,2.3,0.065,7,26,0.99531,3.17,0.53,12.5,NA
"798",9.3,0.37,0.44,1.6,0.038,21,42,0.99526,3.24,0.81,10.8,NA
"800",9.4,0.5,0.34,3.6,0.082,5,14,0.9987,3.29,0.52,10.7,NA
"801",7.2,0.61,0.08,4,0.082,26,108,0.99641,3.25,0.51,9.4,NA
"802",8.6,0.55,0.09,3.3,0.068,8,17,0.99735,3.23,0.44,10,NA
"804",7.7,0.56,0.08,2.5,0.114,14,46,0.9971,3.24,0.66,9.6,NA
"805",8.4,0.52,0.22,2.7,0.084,4,18,0.99682,3.26,0.57,9.9,NA
"806",8.2,0.28,0.4,2.4,0.052,4,10,0.99356,3.33,0.7,12.8,NA
"807",8.4,0.25,0.39,2,0.041,4,10,0.99386,3.27,0.71,12.5,NA
"808",8.2,0.28,0.4,2.4,0.052,4,10,0.99356,3.33,0.7,12.8,NA
"810",7.6,0.48,0.31,2.8,0.07,4,15,0.99693,3.22,0.55,10.3,NA
"812",12.9,0.5,0.55,2.8,0.072,7,24,1.00012,3.09,0.68,10.9,NA
"814",6.9,0.39,0.24,2.1,0.102,4,7,0.99462,3.44,0.58,11.4,NA
"815",12.6,0.41,0.54,2.8,0.103,19,41,0.99939,3.21,0.76,11.3,NA
"817",9.8,0.51,0.19,3.2,0.081,8,30,0.9984,3.23,0.58,10.5,NA
"818",10.8,0.29,0.42,1.6,0.084,19,27,0.99545,3.28,0.73,11.9,NA
"822",4.9,0.42,0,2.1,0.048,16,42,0.99154,3.71,0.74,14,NA
"825",7.1,0.48,0.28,2.8,0.068,6,16,0.99682,3.24,0.53,10.3,NA
"830",5.9,0.61,0.08,2.1,0.071,16,24,0.99376,3.56,0.77,11.1,NA
"832",5.9,0.61,0.08,2.1,0.071,16,24,0.99376,3.56,0.77,11.1,NA
"834",11.6,0.47,0.44,1.6,0.147,36,51,0.99836,3.38,0.86,9.9,NA
"835",8.8,0.685,0.26,1.6,0.088,16,23,0.99694,3.32,0.47,9.4,NA
"838",6.7,0.28,0.28,2.4,0.012,36,100,0.99064,3.26,0.39,11.7,NA
"839",10.1,0.31,0.35,1.6,0.075,9,28,0.99672,3.24,0.83,11.2,NA
"840",6,0.5,0.04,2.2,0.092,13,26,0.99647,3.46,0.47,10,NA
"841",11.1,0.42,0.47,2.65,0.085,9,34,0.99736,3.24,0.77,12.1,NA
"842",6.6,0.66,0,3,0.115,21,31,0.99629,3.45,0.63,10.3,NA
"844",7.1,0.685,0.35,2,0.088,9,92,0.9963,3.28,0.62,9.4,NA
"845",9.9,0.25,0.46,1.7,0.062,26,42,0.9959,3.18,0.83,10.6,NA
"846",6.4,0.64,0.21,1.8,0.081,14,31,0.99689,3.59,0.66,9.8,NA
"847",6.4,0.64,0.21,1.8,0.081,14,31,0.99689,3.59,0.66,9.8,NA
"848",7.4,0.68,0.16,1.8,0.078,12,39,0.9977,3.5,0.7,9.9,NA
"852",9.3,0.43,0.44,1.9,0.085,9,22,0.99708,3.28,0.55,9.5,NA
"853",8,0.42,0.32,2.5,0.08,26,122,0.99801,3.22,1.07,9.7,NA
"854",9.3,0.36,0.39,1.5,0.08,41,55,0.99652,3.47,0.73,10.9,NA
"855",9.3,0.36,0.39,1.5,0.08,41,55,0.99652,3.47,0.73,10.9,NA
"857",9.3,0.36,0.39,1.5,0.08,41,55,0.99652,3.47,0.73,10.9,NA
"858",8.2,0.26,0.34,2.5,0.073,16,47,0.99594,3.4,0.78,11.3,NA
"861",7.2,0.62,0.06,2.7,0.077,15,85,0.99746,3.51,0.54,9.5,NA
"865",7.2,0.62,0.06,2.7,0.077,15,85,0.99746,3.51,0.54,9.5,NA
"867",6.8,0.49,0.22,2.3,0.071,13,24,0.99438,3.41,0.83,11.3,NA
"871",7.7,0.715,0.01,2.1,0.064,31,43,0.99371,3.41,0.57,11.8,NA
"873",7.3,0.35,0.24,2,0.067,28,48,0.99576,3.43,0.54,10,NA
"874",9.1,0.21,0.37,1.6,0.067,6,10,0.99552,3.23,0.58,11.1,NA
"876",8.8,0.31,0.4,2.8,0.109,7,16,0.99614,3.31,0.79,11.8,NA
"877",7.1,0.47,0,2.2,0.067,7,14,0.99517,3.4,0.58,10.9,NA
"878",7.7,0.715,0.01,2.1,0.064,31,43,0.99371,3.41,0.57,11.8,NA
"879",8.8,0.61,0.19,4,0.094,30,69,0.99787,3.22,0.5,10,NA
"880",7.2,0.6,0.04,2.5,0.076,18,88,0.99745,3.53,0.55,9.5,NA
"882",7.6,0.715,0,2.1,0.068,30,35,0.99533,3.48,0.65,11.4,NA
"883",8.4,0.31,0.29,3.1,0.194,14,26,0.99536,3.22,0.78,12,NA
"884",7.2,0.6,0.04,2.5,0.076,18,88,0.99745,3.53,0.55,9.5,NA
"885",8.8,0.61,0.19,4,0.094,30,69,0.99787,3.22,0.5,10,NA
"886",8.9,0.75,0.14,2.5,0.086,9,30,0.99824,3.34,0.64,10.5,NA
"887",9,0.8,0.12,2.4,0.083,8,28,0.99836,3.33,0.65,10.4,NA
"888",10.7,0.52,0.38,2.6,0.066,29,56,0.99577,3.15,0.79,12.1,NA
"889",6.8,0.57,0,2.5,0.072,32,64,0.99491,3.43,0.56,11.2,NA
"890",10.7,0.9,0.34,6.6,0.112,23,99,1.00289,3.22,0.68,9.3,NA
"891",7.2,0.34,0.24,2,0.071,30,52,0.99576,3.44,0.58,10.1,NA
"892",7.2,0.66,0.03,2.3,0.078,16,86,0.99743,3.53,0.57,9.7,NA
"893",10.1,0.45,0.23,1.9,0.082,10,18,0.99774,3.22,0.65,9.3,NA
"894",7.2,0.66,0.03,2.3,0.078,16,86,0.99743,3.53,0.57,9.7,NA
"896",7.1,0.59,0.01,2.3,0.08,27,43,0.9955,3.42,0.58,10.7,NA
"897",8.3,0.31,0.39,2.4,0.078,17,43,0.99444,3.31,0.77,12.5,NA
"898",7.1,0.59,0.01,2.3,0.08,27,43,0.9955,3.42,0.58,10.7,NA
"901",8.9,0.31,0.36,2.6,0.056,10,39,0.99562,3.4,0.69,11.8,NA
"902",7.4,0.635,0.1,2.4,0.08,16,33,0.99736,3.58,0.69,10.8,NA
"903",7.4,0.635,0.1,2.4,0.08,16,33,0.99736,3.58,0.69,10.8,NA
"904",6.8,0.59,0.06,6,0.06,11,18,0.9962,3.41,0.59,10.8,NA
"908",6.1,0.56,0,2.2,0.079,6,9,0.9948,3.59,0.54,11.5,NA
"909",7.4,0.52,0.13,2.4,0.078,34,61,0.99528,3.43,0.59,10.8,NA
"911",9.3,0.38,0.48,3.8,0.132,3,11,0.99577,3.23,0.57,13.2,NA
"913",10,0.46,0.44,2.9,0.065,4,8,0.99674,3.33,0.62,12.2,NA
"915",7.3,0.305,0.39,1.2,0.059,7,11,0.99331,3.29,0.52,11.5,NA
"916",8.6,0.315,0.4,2.2,0.079,3,6,0.99512,3.27,0.67,11.9,NA
"920",8.4,0.62,0.12,1.8,0.072,38,46,0.99504,3.38,0.89,11.8,NA
"921",9.6,0.41,0.37,2.3,0.091,10,23,0.99786,3.24,0.56,10.5,NA
"923",8.4,0.62,0.12,1.8,0.072,38,46,0.99504,3.38,0.89,11.8,NA
"927",9.4,0.24,0.33,2.3,0.061,52,73,0.99786,3.47,0.9,10.2,NA
"931",6.6,0.61,0.01,1.9,0.08,8,25,0.99746,3.69,0.73,10.5,NA
"936",8.8,0.3,0.38,2.3,0.06,19,72,0.99543,3.39,0.72,11.8,NA
"937",8.8,0.3,0.38,2.3,0.06,19,72,0.99543,3.39,0.72,11.8,NA
"939",7.2,0.38,0.38,2.8,0.068,23,42,0.99356,3.34,0.72,12.9,NA
"940",6.2,0.46,0.17,1.6,0.073,7,11,0.99425,3.61,0.54,11.4,NA
"942",9.9,0.27,0.49,5,0.082,9,17,0.99484,3.19,0.52,12.5,NA
"944",9.8,0.5,0.34,2.3,0.094,10,45,0.99864,3.24,0.6,9.7,NA
"948",8.3,0.28,0.48,2.1,0.093,6,12,0.99408,3.26,0.62,12.4,NA
"949",8.9,0.12,0.45,1.8,0.075,10,21,0.99552,3.41,0.76,11.9,NA
"950",8.9,0.12,0.45,1.8,0.075,10,21,0.99552,3.41,0.76,11.9,NA
"952",8.3,0.28,0.48,2.1,0.093,6,12,0.99408,3.26,0.62,12.4,NA
"953",8.2,0.31,0.4,2.2,0.058,6,10,0.99536,3.31,0.68,11.2,NA
"955",7.6,0.43,0.4,2.7,0.082,6,11,0.99538,3.44,0.54,12.2,NA
"956",8.5,0.21,0.52,1.9,0.09,9,23,0.99648,3.36,0.67,10.4,NA
"957",9,0.36,0.52,2.1,0.111,5,10,0.99568,3.31,0.62,11.3,NA
"958",9.5,0.37,0.52,2,0.088,12,51,0.99613,3.29,0.58,11.1,NA
"960",8,0.59,0.05,2,0.089,12,32,0.99735,3.36,0.61,10,NA
"962",7.1,0.56,0.14,1.6,0.078,7,18,0.99592,3.27,0.62,9.3,NA
"963",6.6,0.57,0.02,2.1,0.115,6,16,0.99654,3.38,0.69,9.5,NA
"964",8.8,0.27,0.39,2,0.1,20,27,0.99546,3.15,0.69,11.2,NA
"970",6.7,0.56,0.09,2.9,0.079,7,22,0.99669,3.46,0.61,10.2,NA
"971",10.4,0.26,0.48,1.9,0.066,6,10,0.99724,3.33,0.87,10.9,NA
"972",10.4,0.26,0.48,1.9,0.066,6,10,0.99724,3.33,0.87,10.9,NA
"973",10.1,0.38,0.5,2.4,0.104,6,13,0.99643,3.22,0.65,11.6,NA
"974",8.5,0.34,0.44,1.7,0.079,6,12,0.99605,3.52,0.63,10.7,NA
"975",8.8,0.33,0.41,5.9,0.073,7,13,0.99658,3.3,0.62,12.1,NA
"976",7.2,0.41,0.3,2.1,0.083,35,72,0.997,3.44,0.52,9.4,NA
"977",7.2,0.41,0.3,2.1,0.083,35,72,0.997,3.44,0.52,9.4,NA
"979",7,0.4,0.32,3.6,0.061,9,29,0.99416,3.28,0.49,11.3,NA
"986",7.4,0.58,0,2,0.064,7,11,0.99562,3.45,0.58,11.3,NA
"990",9.7,0.295,0.4,1.5,0.073,14,21,0.99556,3.14,0.51,10.9,NA
"991",7.7,0.39,0.12,1.7,0.097,19,27,0.99596,3.16,0.49,9.4,NA
"993",6.5,0.4,0.1,2,0.076,30,47,0.99554,3.36,0.48,9.4,NA
"994",7.1,0.34,0.28,2,0.082,31,68,0.99694,3.45,0.48,9.4,NA
"998",5.6,0.66,0,2.2,0.087,3,11,0.99378,3.71,0.63,12.8,NA
"1000",6.4,0.69,0,1.65,0.055,7,12,0.99162,3.47,0.53,12.9,NA
"1001",7.5,0.43,0.3,2.2,0.062,6,12,0.99495,3.44,0.72,11.5,NA
"1004",6.8,0.36,0.32,1.8,0.067,4,8,0.9928,3.36,0.55,12.8,NA
"1008",9.1,0.3,0.34,2,0.064,12,25,0.99516,3.26,0.84,11.7,NA
"1013",7.7,1.005,0.15,2.1,0.102,11,32,0.99604,3.23,0.48,10,NA
"1014",7.5,0.71,0,1.6,0.092,22,31,0.99635,3.38,0.58,10,NA
"1017",8.9,0.38,0.4,2.2,0.068,12,28,0.99486,3.27,0.75,12.6,NA
"1021",11.3,0.36,0.66,2.4,0.123,3,8,0.99642,3.2,0.53,11.9,NA
"1022",11.3,0.36,0.66,2.4,0.123,3,8,0.99642,3.2,0.53,11.9,NA
"1024",8.2,0.32,0.42,2.3,0.098,3,9,0.99506,3.27,0.55,12.3,NA
"1025",7.7,0.58,0.01,1.8,0.088,12,18,0.99568,3.32,0.56,10.5,NA
"1028",6.4,0.795,0,2.2,0.065,28,52,0.99378,3.49,0.52,11.6,NA
"1029",7.2,0.34,0.21,2.5,0.075,41,68,0.99586,3.37,0.54,10.1,NA
"1030",7.7,0.58,0.01,1.8,0.088,12,18,0.99568,3.32,0.56,10.5,NA
"1031",7.1,0.59,0,2.1,0.091,9,14,0.99488,3.42,0.55,11.5,NA
"1032",7.3,0.55,0.01,1.8,0.093,9,15,0.99514,3.35,0.58,11,NA
"1033",8.1,0.82,0,4.1,0.095,5,14,0.99854,3.36,0.53,9.6,NA
"1037",7.6,0.31,0.34,2.5,0.082,26,35,0.99356,3.22,0.59,12.5,NA
"1039",8.7,0.41,0.41,6.2,0.078,25,42,0.9953,3.24,0.77,12.6,NA
"1040",8.9,0.5,0.21,2.2,0.088,21,39,0.99692,3.33,0.83,11.1,NA
"1041",7.4,0.965,0,2.2,0.088,16,32,0.99756,3.58,0.67,10.2,NA
"1042",6.9,0.49,0.19,1.7,0.079,13,26,0.99547,3.38,0.64,9.8,NA
"1043",8.9,0.5,0.21,2.2,0.088,21,39,0.99692,3.33,0.83,11.1,NA
"1045",6.4,0.39,0.33,3.3,0.046,12,53,0.99294,3.36,0.62,12.2,NA
"1048",7.1,0.43,0.17,1.8,0.082,27,51,0.99634,3.49,0.64,10.4,NA
"1049",9.3,0.49,0.36,1.7,0.081,3,14,0.99702,3.27,0.78,10.9,NA
"1052",8.5,0.46,0.59,1.4,0.414,16,45,0.99702,3.03,1.34,9.2,NA
"1053",5.6,0.605,0.05,2.4,0.073,19,25,0.99258,3.56,0.55,12.9,NA
"1054",8.3,0.33,0.42,2.3,0.07,9,20,0.99426,3.38,0.77,12.7,NA
"1055",8.2,0.64,0.27,2,0.095,5,77,0.99747,3.13,0.62,9.1,NA
"1058",7.6,0.42,0.25,3.9,0.104,28,90,0.99784,3.15,0.57,9.1,NA
"1059",9.9,0.53,0.57,2.4,0.093,30,52,0.9971,3.19,0.76,11.6,NA
"1060",8.9,0.48,0.53,4,0.101,3,10,0.99586,3.21,0.59,12.1,NA
"1062",9.1,0.4,0.5,1.8,0.071,7,16,0.99462,3.21,0.69,12.5,NA
"1064",10.2,0.29,0.65,2.4,0.075,6,17,0.99565,3.22,0.63,11.8,NA
"1065",8.2,0.74,0.09,2,0.067,5,10,0.99418,3.28,0.57,11.8,NA
"1066",7.7,0.61,0.18,2.4,0.083,6,20,0.9963,3.29,0.6,10.2,NA
"1068",11.1,0.31,0.53,2.2,0.06,3,10,0.99572,3.02,0.83,10.9,NA
"1069",11.1,0.31,0.53,2.2,0.06,3,10,0.99572,3.02,0.83,10.9,NA
"1071",9.3,0.33,0.45,1.5,0.057,19,37,0.99498,3.18,0.89,11.1,NA
"1072",7.5,0.77,0.2,8.1,0.098,30,92,0.99892,3.2,0.58,9.2,NA
"1074",8,0.62,0.33,2.7,0.088,16,37,0.9972,3.31,0.58,10.7,NA
"1075",7.5,0.77,0.2,8.1,0.098,30,92,0.99892,3.2,0.58,9.2,NA
"1076",9.1,0.25,0.34,2,0.071,45,67,0.99769,3.44,0.86,10.2,NA
"1079",8.6,0.37,0.65,6.4,0.08,3,8,0.99817,3.27,0.58,11,NA
"1080",7.9,0.3,0.68,8.3,0.05,37.5,278,0.99316,3.01,0.51,12.3,NA
"1081",10.3,0.27,0.56,1.4,0.047,3,8,0.99471,3.16,0.51,11.8,NA
"1082",7.9,0.3,0.68,8.3,0.05,37.5,289,0.99316,3.01,0.51,12.3,NA
"1084",8.7,0.42,0.45,2.4,0.072,32,59,0.99617,3.33,0.77,12,NA
"1086",6.8,0.48,0.08,1.8,0.074,40,64,0.99529,3.12,0.49,9.6,NA
"1088",7.9,0.19,0.42,1.6,0.057,18,30,0.994,3.29,0.69,11.2,NA
"1089",11.6,0.41,0.54,1.5,0.095,22,41,0.99735,3.02,0.76,9.9,NA
"1090",11.6,0.41,0.54,1.5,0.095,22,41,0.99735,3.02,0.76,9.9,NA
"1093",7,0.54,0.09,2,0.081,10,16,0.99479,3.43,0.59,11.5,NA
"1095",6.6,0.725,0.09,5.5,0.117,9,17,0.99655,3.35,0.49,10.8,NA
"1096",9.4,0.4,0.47,2.5,0.087,6,20,0.99772,3.15,0.5,10.5,NA
"1097",6.6,0.725,0.09,5.5,0.117,9,17,0.99655,3.35,0.49,10.8,NA
"1099",8,0.31,0.45,2.1,0.216,5,16,0.99358,3.15,0.81,12.5,NA
"1100",8.6,0.52,0.38,1.5,0.096,5,18,0.99666,3.2,0.52,9.4,NA
"1101",8.4,0.34,0.42,2.1,0.072,23,36,0.99392,3.11,0.78,12.4,NA
"1102",7.4,0.49,0.27,2.1,0.071,14,25,0.99388,3.35,0.63,12,NA
"1104",7.4,0.49,0.27,2.1,0.071,14,25,0.99388,3.35,0.63,12,NA
"1105",8,0.48,0.34,2.2,0.073,16,25,0.9936,3.28,0.66,12.4,NA
"1106",6.3,0.57,0.28,2.1,0.048,13,49,0.99374,3.41,0.6,12.8,NA
"1107",8.2,0.23,0.42,1.9,0.069,9,17,0.99376,3.21,0.54,12.3,NA
"1112",5.4,0.42,0.27,2,0.092,23,55,0.99471,3.78,0.64,12.3,NA
"1115",5,0.4,0.5,4.3,0.046,29,80,0.9902,3.49,0.66,13.6,NA
"1116",7,0.69,0.07,2.5,0.091,15,21,0.99572,3.38,0.6,11.3,NA
"1117",7,0.69,0.07,2.5,0.091,15,21,0.99572,3.38,0.6,11.3,NA
"1118",7,0.69,0.07,2.5,0.091,15,21,0.99572,3.38,0.6,11.3,NA
"1120",5.6,0.66,0,2.5,0.066,7,15,0.99256,3.52,0.58,12.9,NA
"1123",6.3,0.47,0,1.4,0.055,27,33,0.9922,3.45,0.48,12.3,NA
"1124",10.7,0.4,0.37,1.9,0.081,17,29,0.99674,3.12,0.65,11.2,NA
"1125",6.5,0.58,0,2.2,0.096,3,13,0.99557,3.62,0.62,11.5,NA
"1127",5.8,0.29,0.26,1.7,0.063,3,11,0.9915,3.39,0.54,13.5,NA
"1131",9.1,0.6,0,1.9,0.058,5,10,0.9977,3.18,0.63,10.4,NA
"1132",5.9,0.19,0.21,1.7,0.045,57,135,0.99341,3.32,0.44,9.5,NA
"1133",7.4,0.36,0.34,1.8,0.075,18,38,0.9933,3.38,0.88,13.6,NA
"1138",10.4,0.52,0.45,2,0.08,6,13,0.99774,3.22,0.76,11.4,NA
"1139",7.5,0.41,0.15,3.7,0.104,29,94,0.99786,3.14,0.58,9.1,NA
"1142",8.2,0.38,0.32,2.5,0.08,24,71,0.99624,3.27,0.85,11,NA
"1146",8.2,0.2,0.43,2.5,0.076,31,51,0.99672,3.53,0.81,10.4,NA
"1149",7.8,0.39,0.42,2,0.086,9,21,0.99526,3.39,0.66,11.6,NA
"1150",10,0.35,0.47,2,0.061,6,11,0.99585,3.23,0.52,12,NA
"1153",8.3,0.6,0.25,2.2,0.118,9,38,0.99616,3.15,0.53,9.8,NA
"1154",9.6,0.42,0.35,2.1,0.083,17,38,0.99622,3.23,0.66,11.1,NA
"1155",6.6,0.58,0,2.2,0.1,50,63,0.99544,3.59,0.68,11.4,NA
"1156",8.3,0.6,0.25,2.2,0.118,9,38,0.99616,3.15,0.53,9.8,NA
"1157",8.5,0.18,0.51,1.75,0.071,45,88,0.99524,3.33,0.76,11.8,NA
"1159",6.7,0.41,0.43,2.8,0.076,22,54,0.99572,3.42,1.16,10.6,NA
"1160",10.2,0.41,0.43,2.2,0.11,11,37,0.99728,3.16,0.67,10.8,NA
"1161",10.6,0.36,0.57,2.3,0.087,6,20,0.99676,3.14,0.72,11.1,NA
"1167",9.9,0.54,0.26,2,0.111,7,60,0.99709,2.94,0.98,10.2,NA
"1168",8.2,0.33,0.39,2.5,0.074,29,48,0.99528,3.32,0.88,12.4,NA
"1169",6.5,0.34,0.27,2.8,0.067,8,44,0.99384,3.21,0.56,12,NA
"1178",7.1,0.66,0,2.4,0.052,6,11,0.99318,3.35,0.66,12.7,NA
"1179",5.6,0.915,0,2.1,0.041,17,78,0.99346,3.68,0.73,11.4,NA
"1180",8.2,0.35,0.33,2.4,0.076,11,47,0.99599,3.27,0.81,11,NA
"1181",8.2,0.35,0.33,2.4,0.076,11,47,0.99599,3.27,0.81,11,NA
"1183",10.2,0.4,0.4,2.5,0.068,41,54,0.99754,3.38,0.86,10.5,NA
"1185",6.7,0.64,0.23,2.1,0.08,11,119,0.99538,3.36,0.7,10.9,NA
"1187",6.6,0.8,0.03,7.8,0.079,6,12,0.9963,3.52,0.5,12.2,NA
"1189",6.7,0.64,0.23,2.1,0.08,11,119,0.99538,3.36,0.7,10.9,NA
"1190",8.8,0.955,0.05,1.8,0.075,5,19,0.99616,3.3,0.44,9.6,NA
"1191",9.1,0.4,0.57,4.6,0.08,6,20,0.99652,3.28,0.57,12.5,NA
"1193",7.2,0.25,0.37,2.5,0.063,11,41,0.99439,3.52,0.8,12.4,NA
"1194",6.4,0.885,0,2.3,0.166,6,12,0.99551,3.56,0.51,10.8,NA
"1195",7,0.745,0.12,1.8,0.114,15,64,0.99588,3.22,0.59,9.5,NA
"1196",6.2,0.43,0.22,1.8,0.078,21,56,0.99633,3.52,0.6,9.5,NA
"1200",7.9,0.58,0.23,2.3,0.076,23,94,0.99686,3.21,0.58,9.5,NA
"1201",7.7,0.57,0.21,1.5,0.069,4,9,0.99458,3.16,0.54,9.8,NA
"1202",7.9,0.34,0.36,1.9,0.065,5,10,0.99419,3.27,0.54,11.2,NA
"1203",8.6,0.42,0.39,1.8,0.068,6,12,0.99516,3.35,0.69,11.7,NA
"1206",7.2,0.36,0.46,2.1,0.074,24,44,0.99534,3.4,0.85,11,NA
"1207",7.2,0.36,0.46,2.1,0.074,24,44,0.99534,3.4,0.85,11,NA
"1209",7.2,0.36,0.46,2.1,0.074,24,44,0.99534,3.4,0.85,11,NA
"1210",6.2,0.39,0.43,2,0.071,14,24,0.99428,3.45,0.87,11.2,NA
"1213",6.8,0.65,0.02,2.1,0.078,8,15,0.99498,3.35,0.62,10.4,NA
"1215",10.2,0.33,0.46,1.9,0.081,6,9,0.99628,3.1,0.48,10.4,NA
"1218",8.2,0.34,0.37,1.9,0.057,43,74,0.99408,3.23,0.81,12,NA
"1219",8.2,0.4,0.31,1.9,0.082,8,24,0.996,3.24,0.69,10.6,NA
"1221",10.9,0.32,0.52,1.8,0.132,17,44,0.99734,3.28,0.77,11.5,NA
"1223",8.1,0.53,0.22,2.2,0.078,33,89,0.99678,3.26,0.46,9.6,NA
"1224",10.5,0.36,0.47,2.2,0.074,9,23,0.99638,3.23,0.76,12,NA
"1227",7.5,0.58,0.03,4.1,0.08,27,46,0.99592,3.02,0.47,9.2,NA
"1228",9,0.58,0.25,2,0.104,8,21,0.99769,3.27,0.72,9.6,NA
"1229",5.1,0.42,0,1.8,0.044,18,88,0.99157,3.68,0.73,13.6,NA
"1230",7.6,0.43,0.29,2.1,0.075,19,66,0.99718,3.4,0.64,9.5,NA
"1233",7.6,0.43,0.29,2.1,0.075,19,66,0.99718,3.4,0.64,9.5,NA
"1239",8.1,0.73,0,2.5,0.081,12,24,0.99798,3.38,0.46,9.6,NA
"1240",6.5,0.67,0,4.3,0.057,11,20,0.99488,3.45,0.56,11.8,NA
"1242",9.8,0.37,0.39,2.5,0.079,28,65,0.99729,3.16,0.59,9.8,NA
"1243",9,0.4,0.41,2,0.058,15,40,0.99414,3.22,0.6,12.2,NA
"1244",8.3,0.56,0.22,2.4,0.082,10,86,0.9983,3.37,0.62,9.5,NA
"1245",5.9,0.29,0.25,13.4,0.067,72,160,0.99721,3.33,0.54,10.3,NA
"1246",7.4,0.55,0.19,1.8,0.082,15,34,0.99655,3.49,0.68,10.5,NA
"1247",7.4,0.74,0.07,1.7,0.086,15,48,0.99502,3.12,0.48,10,NA
"1251",7.1,0.6,0.01,2.3,0.079,24,37,0.99514,3.4,0.61,10.9,NA
"1253",7.1,0.72,0,1.8,0.123,6,14,0.99627,3.45,0.58,9.8,NA
"1254",7.9,0.66,0,1.4,0.096,6,13,0.99569,3.43,0.58,9.5,NA
"1256",6.1,0.64,0.02,2.4,0.069,26,46,0.99358,3.47,0.45,11,NA
"1258",7,0.58,0.28,4.8,0.085,12,69,0.99633,3.32,0.7,11,NA
"1260",6.8,0.64,0,2.7,0.123,15,33,0.99538,3.44,0.63,11.3,NA
"1261",8.6,0.635,0.68,1.8,0.403,19,56,0.99632,3.02,1.15,9.3,NA
"1263",9.8,0.45,0.38,2.5,0.081,34,66,0.99726,3.15,0.58,9.8,NA
"1264",8.2,0.78,0,2.2,0.089,13,26,0.9978,3.37,0.46,9.6,NA
"1265",8.5,0.37,0.32,1.8,0.066,26,51,0.99456,3.38,0.72,11.8,NA
"1266",7.2,0.57,0.05,2.3,0.081,16,36,0.99564,3.38,0.6,10.3,NA
"1267",7.2,0.57,0.05,2.3,0.081,16,36,0.99564,3.38,0.6,10.3,NA
"1270",5.5,0.49,0.03,1.8,0.044,28,87,0.9908,3.5,0.82,14,NA
"1276",8,0.715,0.22,2.3,0.075,13,81,0.99688,3.24,0.54,9.5,NA
"1277",8.5,0.4,0.4,6.3,0.05,3,10,0.99566,3.28,0.56,12,NA
"1278",7,0.69,0,1.9,0.114,3,10,0.99636,3.35,0.6,9.7,NA
"1280",9.8,0.3,0.39,1.7,0.062,3,9,0.9948,3.14,0.57,11.5,NA
"1281",7.1,0.46,0.2,1.9,0.077,28,54,0.9956,3.37,0.64,10.4,NA
"1282",7.1,0.46,0.2,1.9,0.077,28,54,0.9956,3.37,0.64,10.4,NA
"1283",7.9,0.765,0,2,0.084,9,22,0.99619,3.33,0.68,10.9,NA
"1284",8.7,0.63,0.28,2.7,0.096,17,69,0.99734,3.26,0.63,10.2,NA
"1286",11.3,0.37,0.5,1.8,0.09,20,47,0.99734,3.15,0.57,10.5,NA
"1288",8,0.6,0.08,2.6,0.056,3,7,0.99286,3.22,0.37,13,NA
"1291",7.6,0.74,0,1.9,0.1,6,12,0.99521,3.36,0.59,11,NA
"1295",8.2,0.635,0.1,2.1,0.073,25,60,0.99638,3.29,0.75,10.9,NA
"1296",6.6,0.63,0,4.3,0.093,51,77.5,0.99558,3.2,0.45,9.5,NA
"1297",6.6,0.63,0,4.3,0.093,51,77.5,0.99558,3.2,0.45,9.5,NA
"1298",7.2,0.53,0.14,2.1,0.064,15,29,0.99323,3.35,0.61,12.1,NA
"1299",5.7,0.6,0,1.4,0.063,11,18,0.99191,3.45,0.56,12.2,NA
"1300",7.6,1.58,0,2.1,0.137,5,9,0.99476,3.5,0.4,10.9,NA
"1303",9.1,0.37,0.32,2.1,0.064,4,15,0.99576,3.3,0.8,11.2,NA
"1304",8,0.28,0.44,1.8,0.081,28,68,0.99501,3.36,0.66,11.2,NA
"1305",7.6,0.79,0.21,2.3,0.087,21,68,0.9955,3.12,0.44,9.2,NA
"1313",8,1.18,0.21,1.9,0.083,14,41,0.99532,3.34,0.47,10.5,NA
"1314",7,0.36,0.21,2.3,0.086,20,65,0.99558,3.4,0.54,10.1,NA
"1315",7,0.36,0.21,2.4,0.086,24,69,0.99556,3.4,0.53,10.1,NA
"1317",5.4,0.74,0,1.2,0.041,16,46,0.99258,4.01,0.59,12.5,NA
"1319",7.5,0.63,0.27,2,0.083,17,91,0.99616,3.26,0.58,9.8,NA
"1320",9.1,0.76,0.68,1.7,0.414,18,64,0.99652,2.9,1.33,9.1,NA
"1325",6.7,0.46,0.24,1.7,0.077,18,34,0.9948,3.39,0.6,10.6,NA
"1328",6.7,0.46,0.24,1.7,0.077,18,34,0.9948,3.39,0.6,10.6,NA
"1329",6.5,0.52,0.11,1.8,0.073,13,38,0.9955,3.34,0.52,9.3,NA
"1330",7.4,0.6,0.26,2.1,0.083,17,91,0.99616,3.29,0.56,9.8,NA
"1331",7.4,0.6,0.26,2.1,0.083,17,91,0.99616,3.29,0.56,9.8,NA
"1332",7.8,0.87,0.26,3.8,0.107,31,67,0.99668,3.26,0.46,9.2,NA
"1333",8.4,0.39,0.1,1.7,0.075,6,25,0.99581,3.09,0.43,9.7,NA
"1334",9.1,0.775,0.22,2.2,0.079,12,48,0.9976,3.18,0.51,9.6,NA
"1336",6.6,0.58,0.02,2.4,0.069,19,40,0.99387,3.38,0.66,12.6,NA
"1339",6,0.5,0,1.4,0.057,15,26,0.99448,3.36,0.45,9.5,NA
"1340",7.5,0.51,0.02,1.7,0.084,13,31,0.99538,3.36,0.54,10.5,NA
"1341",7.5,0.51,0.02,1.7,0.084,13,31,0.99538,3.36,0.54,10.5,NA
"1342",7.5,0.51,0.02,1.7,0.084,13,31,0.99538,3.36,0.54,10.5,NA
"1343",7.6,0.54,0.02,1.7,0.085,17,31,0.99589,3.37,0.51,10.4,NA
"1345",11.5,0.42,0.48,2.6,0.077,8,20,0.99852,3.09,0.53,11,NA
"1346",8.2,0.44,0.24,2.3,0.063,10,28,0.99613,3.25,0.53,10.2,NA
"1347",6.1,0.59,0.01,2.1,0.056,5,13,0.99472,3.52,0.56,11.4,NA
"1348",7.2,0.655,0.03,1.8,0.078,7,12,0.99587,3.34,0.39,9.5,NA
"1350",6.9,0.57,0,2.8,0.081,21,41,0.99518,3.41,0.52,10.8,NA
"1351",9,0.6,0.29,2,0.069,32,73,0.99654,3.34,0.57,10,NA
"1352",7.2,0.62,0.01,2.3,0.065,8,46,0.99332,3.32,0.51,11.8,NA
"1354",7.6,0.645,0.03,1.9,0.086,14,57,0.9969,3.37,0.46,10.3,NA
"1355",7.2,0.58,0.03,2.3,0.077,7,28,0.99568,3.35,0.52,10,NA
"1356",6.1,0.32,0.25,1.8,0.086,5,32,0.99464,3.36,0.44,10.1,NA
"1358",7.3,0.43,0.24,2.5,0.078,27,67,0.99648,3.6,0.59,11.1,NA
"1359",7.4,0.64,0.17,5.4,0.168,52,98,0.99736,3.28,0.5,9.5,NA
"1360",11.6,0.475,0.4,1.4,0.091,6,28,0.99704,3.07,0.65,10.0333333333333,NA
"1362",8.3,0.85,0.14,2.5,0.093,13,54,0.99724,3.36,0.54,10.1,NA
"1363",11.6,0.475,0.4,1.4,0.091,6,28,0.99704,3.07,0.65,10.0333333333333,NA
"1364",8,0.83,0.27,2,0.08,11,63,0.99652,3.29,0.48,9.8,NA
"1365",7.2,0.605,0.02,1.9,0.096,10,31,0.995,3.46,0.53,11.8,NA
"1366",7.8,0.5,0.09,2.2,0.115,10,42,0.9971,3.18,0.62,9.5,NA
"1367",7.3,0.74,0.08,1.7,0.094,10,45,0.99576,3.24,0.5,9.8,NA
"1368",6.9,0.54,0.3,2.2,0.088,9,105,0.99725,3.25,1.18,10.5,NA
"1370",6.6,0.61,0,1.6,0.069,4,8,0.99396,3.33,0.37,10.4,NA
"1371",8.7,0.78,0.51,1.7,0.415,12,66,0.99623,3,1.17,9.2,NA
"1373",8.7,0.78,0.51,1.7,0.415,12,66,0.99623,3,1.17,9.2,NA
"1377",8.2,0.885,0.2,1.4,0.086,7,31,0.9946,3.11,0.46,10,NA
"1380",7.5,0.57,0.02,2.6,0.077,11,35,0.99557,3.36,0.62,10.8,NA
"1382",6.8,0.83,0.09,1.8,0.074,4,25,0.99534,3.38,0.45,9.6,NA
"1383",8,0.6,0.22,2.1,0.08,25,105,0.99613,3.3,0.49,9.9,NA
"1385",7.1,0.755,0.15,1.8,0.107,20,84,0.99593,3.19,0.5,9.5,NA
"1386",8,0.81,0.25,3.4,0.076,34,85,0.99668,3.19,0.42,9.2,NA
"1387",7.4,0.64,0.07,1.8,0.1,8,23,0.9961,3.3,0.58,9.6,NA
"1388",7.4,0.64,0.07,1.8,0.1,8,23,0.9961,3.3,0.58,9.6,NA
"1389",6.6,0.64,0.31,6.1,0.083,7,49,0.99718,3.35,0.68,10.3,NA
"1390",6.7,0.48,0.02,2.2,0.08,36,111,0.99524,3.1,0.53,9.7,NA
"1391",6,0.49,0,2.3,0.068,15,33,0.99292,3.58,0.59,12.5,NA
"1392",8,0.64,0.22,2.4,0.094,5,33,0.99612,3.37,0.58,11,NA
"1394",8,0.52,0.25,2,0.078,19,59,0.99612,3.3,0.48,10.2,NA
"1395",6.4,0.57,0.14,3.9,0.07,27,73,0.99669,3.32,0.48,9.2,NA
"1397",8.7,0.675,0.1,1.6,0.09,4,11,0.99745,3.31,0.65,9.55,NA
"1398",7.3,0.59,0.26,2,0.08,17,104,0.99584,3.28,0.52,9.9,NA
"1400",7.2,0.67,0,2.2,0.068,10,24,0.9956,3.42,0.72,11.1,NA
"1401",7.9,0.69,0.21,2.1,0.08,33,141,0.9962,3.25,0.51,9.9,NA
"1403",7.6,0.3,0.42,2,0.052,6,24,0.9963,3.44,0.82,11.9,NA
"1404",7.2,0.33,0.33,1.7,0.061,3,13,0.996,3.23,1.1,10,NA
"1408",6,0.51,0,2.1,0.064,40,54,0.995,3.54,0.93,10.7,NA
"1409",8.1,0.29,0.36,2.2,0.048,35,53,0.995,3.27,1.01,12.4,NA
"1410",6,0.51,0,2.1,0.064,40,54,0.995,3.54,0.93,10.7,NA
"1411",6.6,0.96,0,1.8,0.082,5,16,0.9936,3.5,0.44,11.9,NA
"1412",6.4,0.47,0.4,2.4,0.071,8,19,0.9963,3.56,0.73,10.6,NA
"1414",9.9,0.57,0.25,2,0.104,12,89,0.9963,3.04,0.9,10.1,NA
"1416",6.2,0.58,0,1.6,0.065,8,18,0.9966,3.56,0.84,9.4,NA
"1418",7.3,0.34,0.33,2.5,0.064,21,37,0.9952,3.35,0.77,12.1,NA
"1419",7.8,0.53,0.01,1.6,0.077,3,19,0.995,3.16,0.46,9.8,NA
"1421",7.8,0.53,0.01,1.6,0.077,3,19,0.995,3.16,0.46,9.8,NA
"1424",6.4,0.53,0.09,3.9,0.123,14,31,0.9968,3.5,0.67,11,NA
"1425",8.3,0.26,0.37,1.4,0.076,8,23,0.9974,3.26,0.7,9.6,NA
"1426",8.3,0.26,0.37,1.4,0.076,8,23,0.9974,3.26,0.7,9.6,NA
"1427",7.7,0.23,0.37,1.8,0.046,23,60,0.9971,3.41,0.71,12.1,NA
"1431",7.4,0.41,0.24,1.8,0.066,18,47,0.9956,3.37,0.62,10.4,NA
"1432",7.6,0.43,0.31,2.1,0.069,13,74,0.9958,3.26,0.54,9.9,NA
"1433",5.9,0.44,0,1.6,0.042,3,11,0.9944,3.48,0.85,11.7,NA
"1435",10.2,0.54,0.37,15.4,0.214,55,95,1.00369,3.18,0.77,9,NA
"1436",10.2,0.54,0.37,15.4,0.214,55,95,1.00369,3.18,0.77,9,NA
"1437",10,0.38,0.38,1.6,0.169,27,90,0.99914,3.15,0.65,8.5,NA
"1438",6.8,0.915,0.29,4.8,0.07,15,39,0.99577,3.53,0.54,11.1,NA
"1439",7,0.59,0,1.7,0.052,3,8,0.996,3.41,0.47,10.3,NA
"1442",7.4,0.785,0.19,5.2,0.094,19,98,0.99713,3.16,0.52,9.56666666666667,NA
"1448",6.8,0.67,0,1.9,0.08,22,39,0.99701,3.4,0.74,9.7,NA
"1450",7.2,0.38,0.31,2,0.056,15,29,0.99472,3.23,0.76,11.3,NA
"1451",7.2,0.37,0.32,2,0.062,15,28,0.9947,3.23,0.73,11.3,NA
"1452",7.8,0.32,0.44,2.7,0.104,8,17,0.99732,3.33,0.78,11,NA
"1453",6.6,0.58,0.02,2,0.062,37,53,0.99374,3.35,0.76,11.6,NA
"1455",11.7,0.45,0.63,2.2,0.073,7,23,0.99974,3.21,0.69,10.9,NA
"1456",6.5,0.9,0,1.6,0.052,9,17,0.99467,3.5,0.63,10.9,NA
"1458",7.6,0.49,0.33,1.9,0.074,27,85,0.99706,3.41,0.58,9,NA
"1460",7.9,0.2,0.35,1.7,0.054,7,15,0.99458,3.32,0.8,11.9,NA
"1461",6.4,0.42,0.09,2.3,0.054,34,64,0.99724,3.41,0.68,10.4,NA
"1463",6.8,0.64,0.03,2.3,0.075,14,31,0.99545,3.36,0.58,10.4,NA
"1466",6.8,0.59,0.1,1.7,0.063,34,53,0.9958,3.41,0.67,9.7,NA
"1467",7.3,0.48,0.32,2.1,0.062,31,54,0.99728,3.3,0.65,10,NA
"1468",6.7,1.04,0.08,2.3,0.067,19,32,0.99648,3.52,0.57,11,NA
"1469",7.3,0.48,0.32,2.1,0.062,31,54,0.99728,3.3,0.65,10,NA
"1470",7.3,0.98,0.05,2.1,0.061,20,49,0.99705,3.31,0.55,9.7,NA
"1472",6.7,0.7,0.08,3.75,0.067,8,16,0.99334,3.43,0.52,12.6,NA
"1473",7.6,0.35,0.6,2.6,0.073,23,44,0.99656,3.38,0.79,11.1,NA
"1475",9.9,0.5,0.5,13.8,0.205,48,82,1.00242,3.16,0.75,8.8,NA
"1477",9.9,0.5,0.5,13.8,0.205,48,82,1.00242,3.16,0.75,8.8,NA
"1481",5.6,0.62,0.03,1.5,0.08,6,13,0.99498,3.66,0.62,10.1,NA
"1482",8.2,0.28,0.6,3,0.104,10,22,0.99828,3.39,0.68,10.6,NA
"1485",6.8,0.91,0.06,2,0.06,4,11,0.99592,3.53,0.64,10.9,NA
"1486",7,0.655,0.16,2.1,0.074,8,25,0.99606,3.37,0.55,9.7,NA
"1491",7.1,0.22,0.49,1.8,0.039,8,18,0.99344,3.39,0.56,12.4,NA
"1492",5.6,0.54,0.04,1.7,0.049,5,13,0.9942,3.72,0.58,11.4,NA
"1494",7.7,0.54,0.26,1.9,0.089,23,147,0.99636,3.26,0.59,9.7,NA
"1495",6.4,0.31,0.09,1.4,0.066,15,28,0.99459,3.42,0.7,10,NA
"1497",7.7,0.54,0.26,1.9,0.089,23,147,0.99636,3.26,0.59,9.7,NA
"1499",6.6,0.895,0.04,2.3,0.068,7,13,0.99582,3.53,0.58,10.8,NA
"1502",7.8,0.82,0.29,4.3,0.083,21,64,0.99642,3.16,0.53,9.4,NA
"1504",6.2,0.44,0.39,2.5,0.077,6,14,0.99555,3.51,0.69,11,NA
"1505",7.5,0.38,0.57,2.3,0.106,5,12,0.99605,3.36,0.55,11.4,NA
"1509",7.1,0.27,0.6,2.1,0.074,17,25,0.99814,3.38,0.72,10.6,NA
"1511",6.4,0.36,0.21,2.2,0.047,26,48,0.99661,3.47,0.77,9.7,NA
"1512",7.1,0.69,0.04,2.1,0.068,19,27,0.99712,3.44,0.67,9.8,NA
"1516",6.9,0.84,0.21,4.1,0.074,16,65,0.99842,3.53,0.72,9.25,NA
"1520",6.6,0.7,0.08,2.6,0.106,14,27,0.99665,3.44,0.58,10.2,NA
"1521",6.5,0.53,0.06,2,0.063,29,44,0.99489,3.38,0.83,10.3,NA
"1522",6.9,0.48,0.2,1.9,0.082,9,23,0.99585,3.39,0.43,9.05,NA
"1524",6.8,0.48,0.25,2,0.076,29,61,0.9953,3.34,0.6,10.4,NA
"1525",6,0.42,0.19,2,0.075,22,47,0.99522,3.39,0.78,10,NA
"1527",6.8,0.47,0.08,2.2,0.064,18,38,0.99553,3.3,0.65,9.6,NA
"1529",7.9,0.29,0.49,2.2,0.096,21,59,0.99714,3.31,0.67,10.1,NA
"1531",6.6,0.44,0.09,2.2,0.063,9,18,0.99444,3.42,0.69,11.3,NA
"1534",8,0.39,0.3,1.9,0.074,32,84,0.99717,3.39,0.61,9,NA
"1535",6.6,0.56,0.14,2.4,0.064,13,29,0.99397,3.42,0.62,11.7,NA
"1536",7,0.55,0.13,2.2,0.075,15,35,0.9959,3.36,0.59,9.7,NA
"1537",6.1,0.53,0.08,1.9,0.077,24,45,0.99528,3.6,0.68,10.3,NA
"1538",5.4,0.58,0.08,1.9,0.059,20,31,0.99484,3.5,0.64,10.2,NA
"1539",6.2,0.64,0.09,2.5,0.081,15,26,0.99538,3.57,0.63,12,NA
"1543",6.7,0.855,0.02,1.9,0.064,29,38,0.99472,3.3,0.56,10.75,NA
"1545",8.4,0.37,0.43,2.3,0.063,12,19,0.9955,3.17,0.81,11.2,NA
"1547",7,0.57,0.02,2,0.072,17,26,0.99575,3.36,0.61,10.2,NA
"1549",11.2,0.4,0.5,2,0.099,19,50,0.99783,3.1,0.58,10.4,NA
"1555",6.6,0.855,0.02,2.4,0.062,15,23,0.99627,3.54,0.6,11,NA
"1557",6.6,0.88,0.04,2.2,0.066,12,20,0.99636,3.53,0.56,9.9,NA
"1561",7.8,0.6,0.26,2,0.08,31,131,0.99622,3.21,0.52,9.9,NA
"1562",7.8,0.6,0.26,2,0.08,31,131,0.99622,3.21,0.52,9.9,NA
"1563",7.2,0.695,0.13,2,0.076,12,20,0.99546,3.29,0.54,10.1,NA
"1565",7.2,0.695,0.13,2,0.076,12,20,0.99546,3.29,0.54,10.1,NA
"1566",6.7,0.67,0.02,1.9,0.061,26,42,0.99489,3.39,0.82,10.9,NA
"1568",7.2,0.695,0.13,2,0.076,12,20,0.99546,3.29,0.54,10.1,NA
"1569",7,0.56,0.13,1.6,0.077,25,42,0.99629,3.34,0.59,9.2,NA
"1570",6.2,0.51,0.14,1.9,0.056,15,34,0.99396,3.48,0.57,11.5,NA
"1572",6.4,0.38,0.14,2.2,0.038,15,25,0.99514,3.44,0.65,11.1,NA
"1574",6,0.58,0.2,2.4,0.075,15,50,0.99467,3.58,0.67,12.5,NA
"1576",7.5,0.52,0.4,2.2,0.06,12,20,0.99474,3.26,0.64,11.8,NA
"1577",8,0.3,0.63,1.6,0.081,16,29,0.99588,3.3,0.78,10.8,NA
"1579",6.8,0.67,0.15,1.8,0.118,13,20,0.9954,3.42,0.67,11.3,NA
"1580",6.2,0.56,0.09,1.7,0.053,24,32,0.99402,3.54,0.6,11.3,NA
"1582",6.2,0.56,0.09,1.7,0.053,24,32,0.99402,3.54,0.6,11.3,NA
"1583",6.1,0.715,0.1,2.6,0.053,13,27,0.99362,3.57,0.5,11.9,NA
"1584",6.2,0.46,0.29,2.1,0.074,32,98,0.99578,3.33,0.62,9.8,NA
"1586",7.2,0.39,0.44,2.6,0.066,22,48,0.99494,3.3,0.84,11.5,NA
"1587",7.5,0.31,0.41,2.4,0.065,34,60,0.99492,3.34,0.85,11.4,NA
"1588",5.8,0.61,0.11,1.8,0.066,18,28,0.99483,3.55,0.66,10.9,NA
"1593",6.3,0.51,0.13,2.3,0.076,29,40,0.99574,3.42,0.75,11,NA
"1594",6.8,0.62,0.08,1.9,0.068,28,38,0.99651,3.42,0.82,9.5,NA
"1597",6.3,0.51,0.13,2.3,0.076,29,40,0.99574,3.42,0.75,11,NA
"1598",5.9,0.645,0.12,2,0.075,32,44,0.99547,3.57,0.71,10.2,NA
